storyid,legacysheet,titleC,titleE,target,levelC,levelE,author,originalAuthor,editor,cantoneseTeam,artist,synopsisC,synopsisE,keywords,isbn,attribution
00001,00001-f-code.csv,出街玩,A Trip Downtown,細路 Child,HBL Lv3,CEFR A1,雞先生 Mr Chicken @mrchickenhk,,魚魚老師 Ms Fish,"奇啲 Katy Chan, 一郎 Ichirou",雞先生 Mr Chicken @mrchickenhk,雞先生同 An 鴨想出街玩。唔知佢哋最尾點樣出去呢？,Mr. Chicken and An Duck decide to visit friends downtown. How did they get there?,"交通，友情，解決難題 Transport, Friendship, Problem solving",,
00002,00002-f-code.csv,個個都唔一樣,Everyone is Different,細路 Child,HBL Lv1,CEFR A1,余該隱,,魚魚老師 Ms Fish,"余該隱, 魚魚老師Ms Fish, Summer Mut, Connie",Kenneth,你知唔知阿樂同其他同學仔有咩唔同？,What are the differences between Lok and his classmates?,"認識自己、佊此欣常、學做比較 Self-awareness, Appreciation, Comparison",,"“Flowers of One Garden” (Cantonese), written by 余該隱, illustrated by Kenneth, published by HamBaangLaang (© HamBaangLaang, 2021) under a CC BY 4.0 license on hambaanglaang.hk This work is licensed under the Creative Commons Attribution 4.0 International License. To view a copy of this license, visit http://creativecommons.org/licenses/by/4.0/ or send a letter to Creative Commons, PO Box 1866, Mountain View, CA 94042, USA.
"
00003,00003-f-code.csv,藍藍同黃色大門,Behind the Yellow door,細路 Child,HBL Lv3,CEFR A2,載蒔,,,"載蒔, Charles",佳美,,A walk with the Rabbit King. What joys will it bring ?,"Dreams, Working together, Adventure",,
00004,00004-f-code.csv,哮喘發作,First Aid-Asthma Attack ,,HBL Lv4,,"Cheung Tak Ying ,T. T. CHEUNG",,,"Cheung Tak Ying, T. T. CHEUNG, Connie",Szeto Wing Yan,,,,,
00005,00005-f-code.csv,流血,First Aid-Bleeding,,HBL Lv4,,"Cheung Tak Ying, T. T. Cheung",,,"Cheung Tak Ying, T. T. CHEUNG, Connie",Szeto Wing Yan,,,,,
00006,00006-f-code.csv,揸巴士嘅彩虹恐龍,The Rainbow Dinosaur who Drives a Bus,細路 Child,HBL Lv4,CEFR A1,黃可偉 Wong Ho Wai Tomaz,,阿擇 Chaak 、一郎  Ichirou,阿擇 Chaak 、一郎  Ichirou,Fiona Mok,偉偉同新朋友踏上咗探險旅程喇！,"Wai Wai goes on a wild ride with his colourful friends. 
","零食，拒絕，探險 Snacks, Saying No, Adventure",,
00007,00007-f-code.csv,早晨,Never Give Up!,細路 Child,HBL Lv3,CEFR A1,萌君 moekun,,"Miss Cindy
","Miss Cindy
","琪 Ki  (ig @yellow_cardboard)
",今日阿麗唔睬我，唔通佢唔想同我做朋友？ ,"Will Lai talk to me tomorrow? Will we be friends?
","勇氣，友情，校園生活 Courage, Friendship, School-life ",,
00008,00008-f-code.csv,星期日嘅沙灘,Off to the Beach ,大人 Adults,HBL Lv2,CEFR A2,葉俊延,,Edwin Lo,Edwin Lo,"琪 Ki  (ig @yellow_cardboard)
",我鄉下嘅沙灘好靚㗎，原來香港嘅沙灘都係咁靚。,The beach awakens memories of other places and happier times.,"香港生活，假日，懷舊 Hong Kong life, Holiday, Nostalgia
",,
00009,00009-f-code.csv,艷遇,A romantic affair,大人 Adults,HBL Lv2,N/A,August Chan,,Kimmy ,"Aquaria, 一郎, 阿擇",,,,,,
00010,00010-f-code-print.csv,出街食飯,Going out for a meal,細路 Child,HBL Lv2,CEFR A1,Kt Chan,,Cindy,"Kt Chan, Cindy, 胡智聰, Summer Mut, Grace Chan",Sam,從飲湯學習嘗試同失敗嘅過程。,Taking the first step of trying out something new can be fun and a little scary sometimes.,"鼓勵, 食物, 童年Encouragement, Food, Childhood",978-988-75804-1-6,"“A Hot Bowl of Soup” (Cantonese), written by Kt Chan, illustrated by Sam, published by HamBaangLaang (© HamBaangLaang, 2020) under a CC BY 4.0 license on hambaanglaang.hk This work is licensed under the Creative Commons Attribution 4.0 International License. To view a copy of this license, visit http://creativecommons.org/licenses/by/4.0/ or send a letter to Creative Commons, PO Box 1866, Mountain View, CA 94042, USA."
00011,00011-f-code.csv,我唔明白？,I don't understand,細路 Child,HBL Lv3,CEFR A2,童敬耀,,,"Kimberly Wu, Grace","Takki
",一個男仔理解世界嘅對內心話,"An internal dialogue for understanding life’s many complexities.  
","成長、誠實、城市生活 growing up, honesty, Modern life",,
00012,00012-f-code.csv,同阿仔玩嘅一日, My Son My Sun,大人 Adults,HBL Lv2,CEFR A1,余該隱,,,"余該隱 （作者 Author）, Miss Cindy, Grace Chan, Connie Li, Joanne Chu",Edgar Wong,"港爸嘅湊仔樂。
",The joys of parenting in fast paced Hong Kong.,"育兒丶簡約生活 丶都市生活 Parenting, Simplicity, Modern life",978-988-75804-9-2,"“My Son My Sun” (Cantonese), written by 余該隱, illustrated by Edgar Wong, published by HamBaangLaang (© HamBaangLaang, 2020) under a CC BY 4.0 license on hambaanglaang.hk This work is licensed under the Creative Commons Attribution 4.0 International License. To view a copy of this license, visit http://creativecommons.org/licenses/by/4.0/ or send a letter to Creative Commons, PO Box 1866, Mountain View, CA 94042, USA."
00013,00013-f-code-print.csv,屋企嘅問題,Family problem,細路 Child,HBL Lv1,CEFR A1,余該隱,,Grace,"余該 (作者 Author), Grace Chan, Summer Mut, Helen Ip, Ingrid Li",P.S. Ho,屋企有好多大大小小嘅問題 ,Being the eldest has its ups and downs.,"家庭丶成長丶責任 Family, Growing up, Responsibility ",978-988-75805-4-6,"“Being the Eldest” (Cantonese), written by 余該隱, illustrated by P.S. Ho, published by HamBaangLaang (© HamBaangLaang, 2020) under a CC BY 4.0 license on hambaanglaang.hk This work is licensed under the Creative Commons Attribution 4.0 International License. To view a copy of this license, visit http://creativecommons.org/licenses/by/4.0/ or send a letter to Creative Commons, PO Box 1866, Mountain View, CA 94042, USA."
00014,00014-f-code.csv,我靚唔靚？,Am I pretty?,細路 Child,HBL Lv1,CEFR A1,葉俊延,,Miss Cindy,"葉俊延, Miss Cindy, Summer Mut, PC Chan",爽,蟲仔覺得自己唔靚，噉佢應該點做呢？,"Caterpillar wants to be beautiful, what should he do? ","自信丶認識自己丶動物 Self-confidence, Self-awareness, Animals",,"“Am I Pretty?” (Cantonese), written by 葉俊延, illustrated by Song, published by HamBaangLaang (© HamBaangLaang, 2020) under a CC BY 4.0 license on hambaanglaang.hk This work is licensed under the Creative Commons Attribution 4.0 International License. To view a copy of this license, visit http://creativecommons.org/licenses/by/4.0/ or send a letter to Creative Commons, PO Box 1866, Mountain View, CA 94042, USA."
00015,00015-f-code.csv,燒傷,First Aid-Burn,,HBL Lv4,,,,,"Cheung Tak Ying, T. T. CHEUNG, Connie, Michelle (voice artist)",Szeto Wing Yan,,,,,
00016,00016-f-code.csv,妮妮同哥哥去主題樂園玩,Ups and Downs,細路 Child,HBL Lv4,CEFR A1,Miss Cindy,,Miss Cindy,"Miss Cindy (作者 Author), Summer Mut, Joanne",Swmman,兩兄妹喺主題樂園玩嘅時光。,A day at the theme park to remember.,"家人丶相聚丶原諒 Family, Togetherness, Forgiveness",978-988-75805-5-3,"“Ups and Downs” (Cantonese), written by Miss Cindy, illustrated by Swmman, published by HamBaangLaang (© HamBaangLaang, 2020) under a CC BY 4.0 license on hambaanglaang.hk This work is licensed under the Creative Commons Attribution 4.0 International License. To view a copy of this license, visit http://creativecommons.org/licenses/by/4.0/ or send a letter to Creative Commons, PO Box 1866, Mountain View, CA 94042, USA."
00017,00017-f-code.csv,哽塞,First Aid-Choking,,HBL Lv4,,"Cheung Tak Ying, T. T. CHEUNG",,,"Cheung Tak Ying, T. T. CHEUNG, Connie",Szeto Wing Yan,,,,,
00018,,夜唔夜？,NIGHT,大人 Adults,,,Tai On,,,Erin,Eunice WIK,,,,,
00019,00019-f-code.csv,九龍,Kowloon,細路 Child,HBL Lv3,CEFR A1,Viveik,, Grace, Grace,FEIfr,究竟龍媽媽可唔可以安全噉帶啲月餅返屋企呢？,Will mother dragon make it back home safely with the mooncakes ?,"親情、幫助別人、傳統節日 Parenting, Good Neighbours, Festivals",,
00020,00020-f-code.csv,骨折,First Aid-Fracture,,HBL Lv4,,,,,"Cheung Tak Ying, T. T. CHEUNG",Szeto Wing Yan,,,,,
00021,00021-f-code-print.csv,恐龍樂園,there were dinosaurs,細路 Child,HBL Lv3,CEFR A2,Gaaupper,,,"Gaaupper, Joanne Chu, 美瑩",Kiu Cho,,What will the Child and Dinosaur learn during their warm friendship ?,"Friendship, environment, Childhood",,"“恐龍樂園 A Gentler Life”, written by Gaaupper, illustrated by Kiu Cho, published by HamBaangLaang (© HamBaangLaang, 2020) under a CC BY 4.0 license on hambaanglaang.hk This work is licensed under the Creative Commons Attribution 4.0 International License. To view a copy of this license, visit http://creativecommons.org/licenses/by/4.0/ or send a letter to Creative Commons, PO Box 1866, Mountain View, CA 94042, USA."
00022,00022-f-code.csv,頭部受傷,First Aid-Head Injury,,HBL Lv4,,"Cheung Tak Ying, T. T. CHEUNG",,,"Cheung Tak Ying, T. T. CHEUNG, Connie",Szeto Wing Yan,,,,,
00023,00023-f-code.csv,同公公婆婆食飯,meal with grandparents,,HBL Lv2,,Louis Tam,,,,swmman,,,,,
00024,00024-f-code.csv,問路,A day with Mom,細路 Child,HBL Lv2,CEFR 1,Benson Tong,,,"Benson Tong, Summer Mut",Kenneth,,How to get from A to B ? ,"Travel, Directions, Community",,
00025,00025-f-code-print.csv,食橙,I am orange,細路 Child,HBL Lv2,CEFR A2,Leung Wing Lam,,,"Leung Wing Lam, Summer Mut, PC Chan",Mel Wong,我鍾意食橙，因為橙對我嚟講有好重要嘅意義。,"In a hectic busy world, do we sometimes forget about the most important people in our lives ?","懷念丶家人丶抱負 Nostalgia, Family, Ambition",978-988-75803-1-7,"“From Mother’s Hand ” (Cantonese), written by Leung Wing Lam, illustrated by Mel Wong, published by HamBaangLaang (© HamBaangLaang, 2020) under a CC BY 4.0 license on hambaanglaang.hk This work is licensed under the Creative Commons Attribution 4.0 International License. To view a copy of this license, visit http://creativecommons.org/licenses/by/4.0/ or send a letter to Creative Commons, PO Box 1866, Mountain View, CA 94042, USA."
00026,00026-f-code.csv,盒,Box,細路 Child,HBL Lv1,CEFR A1,Raymond,,Miss Cindy,"Raymond Tse, Miss Cindy, Grace, Charles",Kenneth Tsui,話畀你知我個盒入面有啲咩啦！,Let me tell you what’s inside my box.,"童年，興趣，交通公具 Childhood, Public Transport, Hobbies",978-988-75805-0-8,"“The Box” (Cantonese), written by Raymond, illustrated by Kenneth Tsui, published by HamBaangLaang (© HamBaangLaang, 2020) under a CC BY 4.0 license on hambaanglaang.hk This work is licensed under the Creative Commons Attribution 4.0 International License. To view a copy of this license, visit http://creativecommons.org/licenses/by/4.0/ or send a letter to Creative Commons, PO Box 1866, Mountain View, CA 94042, USA"
00027,00027-f-code.csv,冇反應冇呼吸,First Aid-Unresponsive No Breathing,,HBL Lv4,,"Cheung Tak Ying, T. T. CHEUNG",,,"Cheung Tak Ying, T. T. CHEUNG, Connie",Szeto Wing Yan,,,,,
00028,00028-f-code-video.csv,生日,,大人 Adults,HBL Lv3,,葉俊延,,,盤仔與小豆 (Cantonese recording),,,,,,"“Happy Birthday” (Cantonese), written by 葉俊延,published by HamBaangLaang (© HamBaangLaang, 2021) under a CC BY 4.0 license on hambaanglaang.hk "
00029,00029-f-code.csv,明仔,,,HBL Lv2,,Dolce Joy,,,,Kenneth Tsui ,,,,,
00030,00030-f-code.csv,巴士有個人跌咗落嚟,,大人 Adults,HBL Lv2,,Heitung Lau,,,,Eunice WIK (cover design),,,,,"“Someone Falling Off From A Bus” (Cantonese), written by Heitung Lau, design by Eunice WIK, published by HamBaangLaang (© HamBaangLaang, 2020) under a CC BY 4.0 license on hambaanglaang.hk"
00031,00031-f-code.csv,冇反應有呼吸,First Aid-Unresponsive with Breathing,,HBL Lv4,,"Cheung Tak Ying, T. T. CHEUNG",,,"Cheung Tak Ying, T. T. CHEUNG, Connie",Szeto Wing Yan,,,,,
00032,00032-f-code.csv,寫畀Joanna嘅情信,,大人 Adults,HBL Lv2,,Dolce Joy,,,Charles （Cantonese recording）,Joanne Chu(cover design),,,,,"“Letter to Joanna” (Cantonese), written by Dolce Joy, published by HamBaangLaang (© HamBaangLaang, 2021) under a CC BY 4.0 license on hambaanglaang.hk "
00033,00033-f-code.csv,屋企人,,teens,HBL Lv2,,葉俊延,,,,Eunice WIK (cover design),,,,,"“My Family” (Cantonese), written by 葉俊延, design by Eunice WIK, published by HamBaangLaang (© HamBaangLaang, 2020) under a CC BY 4.0 license on hambaanglaang.hk"
00034,00034-f-code.csv,阿樂寫俾恐龍仔嘅信,Goodbye My Friend,細路 Child,HBL Lv1,CEFR 1,Cain Yu,,,"余該隱, Summer Mut, PC Chan",Swmman,阿樂好掛住佢嘅好朋友，所以寫咗封信畀佢。,Will Rex be able to keep little Billy company and be his friend ,"玩具，童年，離別 Toys, Childhood, Goodbyes ",978-988-75806-0-7,"""Goodbye My Friend” (Cantonese), written by 余該隱, illustrated by Swmman, published by HamBaangLaang (© HamBaangLaang, 2020) under a CC BY 4.0 license on hambaanglaang.hk This work is licensed under the Creative Commons Attribution 4.0 International License. To view a copy of this license, visit http://creativecommons.org/licenses/by/4.0/ or send a letter to Creative Commons, PO Box 1866, Mountain View, CA 94042, USA."
00035,00035-f-code.csv,阿樂歷險記,Better Together,細路 Child,HBL Lv2,,Cain Yu,,,"Eunice WIK, Cindy, ",Waiman,,,,,
00036,00036-f-code.csv,鄉愁,homeland,大人 Adults,HBL Lv5,,載蒔,,Kimmy,,米曹,,,,,
00037,00037-f-code.csv,望,,大人 Adults,HBL Lv3,,牛刀 Raymond Tse,,Edwin,,Eunice WIK (cover design),,,,,"“What A Coincidence” (Cantonese), written by Raymond Tse, design by Eunice WIK, published by HamBaangLaang (© HamBaangLaang, 2020) under a CC BY 4.0 license on hambaanglaang.hk"
00038,00038-f-code-video.csv,阿仔,      ,大人 Adults,HBL Lv2,,葉俊延,,,葉俊延,,,,,,
00039p,00039p-f-code.csv,我哋要永遠喺埋一齊,Together Forever,細路 Child,HBL Lv5,,Suki,Shikha Tripathi,,"Suki (作者 Author), 張錫莉, Connie Li, Philip Wong, Pong, 小明 (Voice artist)",Ogin Nayam,,,,,
00040p,00040p-f-code.csv,十公主,Ten Princesses,細路 Child,HBL Lv5,,Gaaupper,Kamla Bhasin,,"Gaaupper (作者 Author), 張錫莉, Connie Li, Johnas (Editor), Jade Wu (Voice artist)",,,,,,
00041,00041-f-code-print.csv,白白,A white cat,細路 Child,HBL Lv2,,葉俊延,,Edwin,,Choicez,,,,,
00042,,深夜加油站,,,,,,,,,,,,,,
00043p,00043p-f-code.csv,植物王國,Kingdom of Plants,細路 Child,HBL Lv5,,Cassie,Jerry Pinto,,"Cassie (作者 Author), 張錫莉, Connie Li, Philip Wong, Pong, 小明 (Voice artist)",Kalyani Ganapathy,,,,,
00044,00044-f-code.csv,波板糖,,細路 Child,HBL Lv4,,Menah Lam,,,"Menah Lam （作者 Author), Ichirou, Ishi, Connie Li",Kenneth,,,,,
00045,00045-f-code.csv,唔該晒你,Thank You Very Much,大人 Adults,HBL Lv4,,Dolce Joy,,,"Edwin Lo, Joanne Chu, So Chin Pong",,,,,,
00046,00046-f-code.csv,唔再驚蜜蜂,Bees Are Not Frightening,細路 Child,HBL Lv3,,木星,,Edwin,,Moon Lui,,,,,
00047p,00047p-f-code.csv,婆婆今年幾歲？,,細路 Child,HBL Lv5,,天水村樹,,,"天水村樹 (作者 Author), 張錫莉, Connie Li, Philip Wong, Pong, Joanne Chu, Manasi Thapa, Kalin Wu",Kaveri Gopalakrishnan,,,,,
00053,00053-f-code.csv,救救地球村,,Teen & Adult,HBL Lv4,,Connie,Jeremy Deaton,,"Joanne Chu, Philip Wong",Matteo Farinella,,,,,"“Climate Change: Save Global Village” (Cantonese), written by Connie, Based on Are We Screwed On Climate Change? Written by Jeremy Deaton, art by Matteo Farinella, Released by Nexus Media, Cantonese Version published by HamBaangLaang (© HamBaangLaang, 2021) under a CC BY 4.0 license on hambaanglaang.hk "
00056,,,RAP,,,,,,,,,,,,,
00057,00057-f-code.csv,生活謊言,,大人 Adult,HBL Lv1,,939,,,,Eunice WIK (cover design),,,,,"“Little Bite Collection” (Cantonese), written by 939, design by Eunice WIK, published by HamBaangLaang (© HamBaangLaang, 2020) under a CC BY 4.0 license on hambaanglaang.hk"
00058,00058-f-code.csv,中篇,Little Bite Collection,大人 Adult,HBL Lv1,,939,,,,Eunice WIK (cover design),,,,,
00059,00059-f-code-video.csv,疫情系列,On Covid-19,大人 Adult,HBL Lv2,,Connie Li,,,Connie Li,,,,,,"“On Covid-19” (Cantonese), written by Connie Li, published by HamBaangLaang (© HamBaangLaang, 2021) under a CC BY 4.0 license on hambaanglaang.hk"
00060,00060-f-code.csv,短篇故事1,Mini Stories 1,大人 Adult,HBL Lv4,,939,,,"939, Summer Mut",,,,,,"“Mini Stories” (Cantonese), written by 939, published by HamBaangLaang (© HamBaangLaang, 2021) under a CC BY 4.0 license on hambaanglaang.hk"
00061,00061-f-code.csv,一家三口,,大人 Adult,HBL Lv4,,939,,,"939, Summer Mut, Joanne",,,一家三口既簡單又溫暖嘅生活,"Parenting, Family, Life",,"“A Family Of Three” (Cantonese), written by 939, published by HamBaangLaang (© HamBaangLaang, 2021) under a CC BY 4.0 license on hambaanglaang.hk"
00062,00062-f-code.csv,短篇故事2,Mini Storie 2,大人 Adult,HBL Lv4,,Connie,,,"Connie （作者Author), Joanne Chu, Lee Dennig",,,,,,"""Mini Stories - 2” (Cantonese), written by Connie, published by HamBaangLaang (© HamBaangLaang, 2021) under a CC BY 4.0 license on hambaanglaang.hk"
00063,00063-f-code.csv,感情問題,,,,,,,,,,,,,,
00064,00064-f-code.csv,為幼稚園開學準備,Kindagarden 1,,HBL Lv4,,"Connie, Viveik",,Edwin,"Connie, Ingrid, Edwin, Grace Chan",Edeline,,,,,
00065,00065-f-code.csv,我想揸巴士返學,Kindagarden 2 /I Wanna Drive a Bus to School!,細路 Child,HBL Lv4,,Connie,,,"Connie, Jeanette, Raymond, Shan (Cantonese recording)",CHOICEZ,,,,,
00066,00066-f-code.csv,幼稚園好多嘢玩,Kindagarden 3,細路 Child,HBL Lv4,,Connie,,,Aquaria Li (Cantonese recording),Wendy Wu,,,,,
00067,00067-f-code.csv,我要做超人,Kindagarden 4,細路 Child,,,Connie,,,Toby Ng,Wendy,,,,,
00101p,00101p-f-code.csv,Rani 返學喇！,A School for Everyone,細路 Child,HBL Lv3,CEFR A2,Cheryl Rao,,,"Kimmy, Christine, Chaak, Wolf, Ichiban(sound recording)",Mayur Mistry,Rani第一日返學嘅心情係點嘅呢？,The first day in School. The importance of education for all Girls. ,"童年丶機會丶獨立 Childhood, Opportunity, Independence",,
00102p,,Anand幾時嚟啊？,Where's Anand,細路 Child,HBL Lv3,,Rajiv Eipe,,," 一郎  Ichirou
",Rajiv Eipe,,,,,
00103p,00103p-f-code.csv,我想要嗰個,"That One, Please!",細路 Child,HBL Lv2,CEFR A2,一郎 Ichirou,Mala Kumar,,一郎 Ichirou,Soumya Menon,點解永遠都唔可以攞最上面嗰個？,In a world designed for adults how can Anil get to what he wants ?,"Understanding, Asking for help, Independence
",,
00104p,00104p-f-code.csv,啲聲好嘈啊,It's Noisy!,細路 Child,HBL Lv2,CEFR A1,一郎 Ichirou,,,"一郎 Ichirou, Nicole, Summer Mut",Zainab Tambawalla,好多聲音，我點瞓啊？,How can I get some peace and quiet around here ?,"Children, Sounds, Imagine",978-988-75802-1-8,"“I Can’t Sleep” (Cantonese), translated by HamBaangLaang (© HamBaangLaang, 2020), based on original story Ting Tong (English), written by Lubaina Bandukwala, illustrated by Zainab Tambawalla, published by Pratham Books (© Pratham Books, 2011) under a CC BY 4.0 license on StoryWeaver. Read, create and translate stories for free on www.storyweaver.org.in This work is licensed under the Creative Commons Attribution 4.0 International License. To view a copy of this license, visit http://creativecommons.org/licenses/by/4.0/ or send a letter to Creative Commons, PO Box 1866, Mountain View, CA 94042, USA."
00105p,00105p-f-code.csv,鍾意顏色嘅熊人,The Bear who Loves Colour,細路 Child,HBL Lv4,CEFR A2,,,,"一郎 Ichirou, 魚魚老師, Summer Mut",Ajanta Guhathakurta,白雪雪嘅熊人好鍾意顏色，佢會用咩方法令到自己身上有唔同顏色呢？,Mrs Bear loves to wear Colours. What colors will she choose to wear today ?,"顏色丶自然丶簡單 Colors, Nature, Simplicity",978-988-75802-9-4,"“The Bear Who Loves Colours” (Cantonese), translated by HamBaangLaang (© HamBaangLaang, 2020), from Colours (English), by Alisha Berger, based on original story रंग (Hindi), written by Priyanka, illustrated by Ajanta Guhathakurta, published by Room to Read (© Room to Read, 2015) under a CC BY 4.0 license on StoryWeaver. Read, create and translate stories for free on www.storyweaver.org.in This work is licensed under the Creative Commons Attribution 4.0 International License. To view a copy of this license, visit http://creativecommons.org/licenses/by/4.0/ or send a letter to Creative Commons, PO Box 1866, Mountain View, CA 94042, USA."
00106p,00106p-f-code.csv,高啲，矮啲,"Taller, Shorter",細路 Child,HBL Lv2,," 一郎 Ichirou
",Huy Chheng Rattana,," 一郎 Ichirou
",Seat Sopheap,,,,,"""Taller, Shorter"" (Cantonese), translated by HamBaangLaang (2020) from Tall and Short (English), by Celia Bolam, based on original story ខ្ពស់និងទាប (Khmer), written by Huy Chheng Rattana, illustrated by Seat Sopheap, published by Room to Read (© Room to Read, 2015) under a CC BY 4.0 license on StoryWeaver. Read, create and translate stories for free on www.storyweaver.org.in"
00107p,,講畀邊個聽？,Who can I Tell?,,,,,,,,,,,,,
00108p,00108p-f-code.csv,邊個叫醒到阿高？,Who can Wake Him Up?,細路 Child,HBL Lv2,CEFR A2," 一郎 Ichirou
",,,"一郎 Ichirou, Summer Mut",Shweta Mohapatra,究竟咩方法先可以叫醒阿高起身食早餐？,Will his friends help Beema get up in time ?,"合作丶習慣丶幫助別人Teamwork, Habits, Helping others",978-988-75802-5-6,"“Why am I so tired?”(Cantonese), translated by HamBaangLaang (© HamBaangLaang, 2020) from The Sleepyhead (English), translated by Rajesh Khar, based on original story भीमा गधा (Hindi), written by Kiran Kasturia, illustrated by Shweta Mohapatra, published by Pratham Books (© Pratham Books, 2012) under a CC BY 4.0 license on StoryWeaver. Read, create and translate stories for free on www.storyweaver.org.in"
00109p,00109p-f-code.csv,玩乜好？,Let's Play,細路 Child,HBL Lv3,,一郎 Ichirou,"Shantdas Manandhar, Shilpi Pradhan",,一郎 Ichirou,Abin Shrestha,,,,,
00110p,00110p-f-code-video.csv,數下有幾多動物,Counting animals,,,,,"Zanele Buthelezi, Thembani Dladla, Clare Verbeek",,,Rob Owen,,,,,"“Counting Animals” (Cantonese), translated by HamBaangLaang (© HamBaangLaang, 2020) is a derivative of Count Animals (Cantonese) translated by Dohliam, published by Hong Kong Storybook under a CC BY 3.0 license, based on the original story Counting Animals (English), written by Clare Verbeek, Thembani Dladla, Zanele Buthelezi, illustrated by Rob Owen, published by African Storybook Initiative (© African Storybook Initiative, 2007) under a CC BY 4.0 license on www.africanstorybook.org"
00111p,00111p-f-code.csv,感受天氣嘅女仔,Weather Girl,,,,,"Clare Verbeek, Thembani Dladla, Zanele Buthelezi",,,"Sandra McDougall, Ingrid Schechter",,,,,"“Weather Girl” (Cantonese), translated by HamBaangLaang (© HamBaangLaang, 2020) is a derivative of Weather Book (Cantonese) translated by Dohliam, published by Hong Kong Storybook under a CC BY 3.0license, based on the original story Weather Book (English), written by Clare Verbeek, Thembani Dladla, Zanele Buthelezi, illustrated by Sandra McDougall, published by African Storybook Initiative (© African Storybook Initiative, 2007)under a CC BY 4.0 license on www.africanstorybook.org"
00112p,00112p-f-code.csv,婆婆嘅芒果樹,Grandma's Mango Tree,細路 Child,HBL Lv2,CEFR A1,一郎 Ichirou,,,"一郎 Ichirou, Summer Mut",Kavya Singh,喺婆婆屋企發現咗一棵好特別嘅芒果樹。,A secret hiding place at Grandma’s home.,"童年丶祖父母丶大自然Childhood, Grandparents, Nature",978-988-75801-9-5,"“Grandma’s Mango Tree” (Cantonese), translated by HamBaangLaang (© HamBaangLaang, 2020), based on original story The Mango Tree (English), written by Kanchan Bannerjee, illustrated by Kavya Singh, published by Pratham Books (© Pratham Books, 2013) under a CC BY 4.0 license on StoryWeaver. Read, create and translate stories for free on www.storyweaver.org.in This work is licensed under the Creative Commons Attribution 4.0 International License. To view a copy of this license, visit http://creativecommons.org/licenses/by/4.0/ or send a letter to Creative Commons, PO Box 1866, Mountain View, CA 94042, USA."
00113p,00113p-f-code.csv,史先生學笑,Sringeri Srinivas Learns to Laugh,細路 Child,HBL Lv4,CEFR A2,Rohini Nilekani,,,,Angie & Upesh,,Will anger and rage help Srinivas solve his problem?,"Responsibility, Community, Nature",,
00114p,00114p-f-code.csv,嫲嫲個菜園,Where are the Potatoes ?,細路 Child,HBL Lv2,CEFR A2, 一郎 Ichirou,Vinita Krishna,, 一郎 Ichirou,Suvidha Mistry,菜園有咁多蔬菜，究竟啲薯仔係生喺邊到嘅呢？,Underground or on the plant ? Where do vegetables grow ?,,"Problem Solving, Farm life, Family",
00115p,00115p-f-code.csv,新雨褸,The New Raincoat,細路 Child,HBL Lv3,CEFR A2, 一郎 Ichirou,,, 一郎 Ichirou,Zainab Tambawalla,究竟幾時先會落雨啊？,The life renewing rains marking the end of a long Indian summer.,"大自然丶天氣丶慶祝Nature, Weather, Celebration",978-988-75801-5-7,"“The New Raincoat” (Cantonese), translated by HamBaangLaang (© HamBaangLaang, 2020) is based on the original story The Red Raincoat (English), written by Kiran Kasturia, illustrated by Zainab Tambawalla, published by Pratham Books (© Pratham Books, 2015) under a CC BY 4.0 license on StoryWeaver. Read, create and translate stories for free on www.storyweaver.org.in This work is licensed under the Creative Commons Attribution 4.0 International License. To view a copy of this license, visit http://creativecommons.org/licenses/by/4.0/ or send a letter to Creative Commons, PO Box 1866, Mountain View, CA 94042, USA."
00116p,00116p-f-code.csv,動物背後嘅故事,Humans and other Animals,細路 Child,HBL Lv4,CEFR A2, 一郎 Ichirou, Bulbul Sharma,, 一郎 Ichirou,Bulbul Sharma,唔知啲動物平時鍾意做咩嘅呢？,We need the animals and they need us. ,"Colors, Nature, Conservation",,
00117p,00117p-f-code.csv,水同雨,Water and Rain,細路 Child,HBL Lv3,CEFR A2, 一郎 Ichirou,,, 一郎 Ichirou,Marleen Visser,知唔知點解水對我哋咁重要？,Why does it rain? Is it the Angels crying?,"水丶科學丶大自然Water, Science, Nature",978-988-75801-1-9,"""Do Angels Cry?"" (Cantonese), translated by HamBaangLaang (2020), based on the original story Rain (English), written by Letta Machoga, illustrated by Marleen Visser, published by African Storybook Initiative (© African Storybook Initiative, 2014) under a CC BY 4.0 license on StoryWeaver. Read, create and translate stories for free on www.storyweaver.org.in This work is licensed under the Creative Commons Attribution 4.0 International License. To view a copy of this license, visit http://creativecommons.org/licenses/by/4.0/ or send a letter to Creative Commons, PO Box 1866, Mountain View, CA 94042, USA."
00118p,00118p-f-code.csv,太大個定太細個？,Am I the right Size ?,細路 Child,HBL Lv2,CEFR A2, 一郎 Ichirou,Lavanya Karthik,, 一郎 Ichirou,Lavanya Karthik,,How will Shanu know what she can and cannot do?,"SibliIngs, Independence, Limits ",,"""Too Big or Too Small?"" (Cantonese), translated by HamBaangLaang (© HamBaangLaang, 2020), based on Too Big! Too Small! (English), written by Lavanya Karthik, illustrated by Lavanya Karthik, supported by Parag: A Sir Ratan Tata Trust Initiative, published by Pratham Books (© Pratham Books, 2017) under a CC BY 4.0 license on StoryWeaver. Read, create and translate stories for free on www.storyweaver.org.in"
00119p,00119p-f-code.csv,玩車仔,Playing Toy Car,細路 Child,HBL Lv3,, 一郎 Ichirou,Kanchan Bannerjee,, 一郎 Ichirou,"Kavya Singh, Natasha Mehra
",,,,,
00120p,00120p-f-code.csv,媽咪講故事,Mommy's Stories,細路 Child,HBL Lv4,, 一郎 Ichirou,Kanchan Bannerjee,, 一郎 Ichirou,Harshvardhan Gantha,,,,,
00121p,00121p-f-code.csv,跳上太空,Jump into Space,細路 Child,HBL Lv3,CEFR A2, 一郎 Ichirou,"Sam Wilson, Chenél Ferreira",, 一郎 Ichirou,Thea Nicole de Klerk,究竟係咩發明咁神奇可以令人跳上太空？,Should Ava wait for others to help her or try to help herself ? ," Independence, Risk-taking, Adventure",,
00122p,00122p-f-code.csv,捉伊人,Hide-and-Seek,細路 Child,HBL Lv3,,一郎 Ichirou,Kanchan Bannerjee,,"一郎 Ichirou
","Harshvardhan Gantha
",,,,,
00123p,00123p-f-code.csv,老鼠仔同大山羊,Friendsgip Heals,細路 Child,HBL Lv2,CEFR A2,,,,"一郎 Ichirou, Summer Mut",Try Samphors,老鼠仔想搵大山羊一齊玩，要點做好呢？,Can the young and old be good friends?,"孤獨丶友誼丶鄰居Loneliness, Friendships,Neighbours",978-988-75806-8-3,"""Friendship Heals"" (Cantonese), translated by HamBaangLaang (© HamBaangLaang, 2020) from Rat and Goat (English), translated by Sanjana Khoobchandani, based on original story កណ្តុរនិងពពែ (Khmer), written by Ley Sorya, illustrated by Try Samphors, published by Room to Read (© Room to Read, 2012) under a CC BY 4.0 license on StoryWeaver. Read, create and translate stories for free on www.storyweaver.org.in This work is licensed under the Creative Commons Attribution 4.0 International License. To view a copy of this license, visit http://creativecommons.org/licenses/by/4.0/ or send a letter to Creative Commons, PO Box 1866, Mountain View, CA 94042, USA."
00124p,,養貓仔,Getting a Cat,細路 Child,,,一郎 Ichirou,Ritah Katetemera,,一郎 Ichirou,Marion Drew,,,,,
00125p,00125p-f-code-print.csv,冷線好有用,Strings that bind,細路 Child,HBL Lv5,CEFR A2,一郎 Ichirou,,,"一郎 Ichirou, Summer Mut",Madhumita Srivastava,,How can the red wool break and still be so strong ? ,"創意丶家庭丶經歷Creativity, Family, Experience",,"""Useful String"" (Cantonese), translated by HamBaangLaang (© HamBaangLaang, 2020) from The Little Red String/ उला ख़ास लाल सुता (English-Surjapuri), translated by Yuman Hussain & Team Azad India Foundation, published by Azad India Foundation (© Azad India Foundation, 2020) based on the original story The Little Red String (English), written by Madhumita Srivastava, illustrated by Madhumita Srivastava, published by Pratham Books (© Pratham Books, 2018 under a CC BY 4.0 license on StoryWeaver. Read, create and translate stories for free on www.storyweaver.org.in This work is licensed under the Creative Commons Attribution 4.0 International License. To view a copy of this license, visit http://creativecommons.org/licenses/by/4.0/ or send a letter to Creative Commons, PO Box 1866, Mountain View, CA 94042, USA."
00126p,00126p-f-code.csv,手,Hands,細路 Child,HBL Lv3,CEFR A2,一郎 Ichirou,,,"一郎 Ichirou, Summer Mut, Connie Li",Suvidha Mistry,十隻手指可以用嚟做啲乜？,Miguel and Gem are home alone and trying to do something great with their hands,"學習丶合作丶日常生活Learning,Working Together, Daily Life",978-988-75806-4-5,"""Greater Together"" (Cantonese), translated by HamBaangLaang (© HamBaangLaang, 2020) from My Fingers, My Hands /मोर उंगलिला ,मोर हाथ (English-Surjapuri), translated by Yuman Hussain & Team Azad India Foundation, published by Azad India Foundation (© Azad India Foundation, 2020) based on the original story मेरी उँगलियाँ मेरे हाथ (Hindi), written by Vinita Krishna, illustrated by Suvidha Mistry, published by Pratham Books (© Pratham Books, 2010)  under a CC BY 4.0 license on StoryWeaver. Read, create and translate stories for free on www.storyweaver.org.in This work is licensed under the Creative Commons Attribution 4.0 International License. To view a copy of this license, visit http://creativecommons.org/licenses/by/4.0/ or send a letter to Creative Commons, PO Box 1866, Mountain View, CA 94042, USA.
"
00127p,00127p-f-code.csv,手同腳,Arms and Legs,細路 Child,HBL Lv3,CEFR A1,一郎 Ichirou,,,"一郎 Ichirou (作者), Grace Chan, Joanne Chu",Mlungisi Dlamini,手同腳可以做到咩好玩嘅嘢呢？,"The human body, designed to move","友誼丶身體丶運動Friendship,Body, Sports",978-988-75805-9-1,"""Keep on Moving"" (Cantonese), translated by HamBaangLaang (© HamBaangLaang, 2020) from My Body/मोर बदन (English-Surjapuri), translated by Yuman Hussain & Team Azad India Foundation, published by Azad India Foundation (© Azad India Foundation, 2020) based on the original story My Body (English), written by Clare Verbeek, Thembani Dladla, Zanele Buthelezi, illustrated by Mlungisi Dlamini, published by African Storybook Initiative (© African Storybook Initiative, 2007) under a CC BY 4.0 license on StoryWeaver. Read, create and translate stories for free on www.storyweaver.org.in This work is licensed under the Creative Commons Attribution 4.0 International License. To view a copy of this license, visit http://creativecommons.org/licenses/by/4.0/ or send a letter to Creative Commons, PO Box 1866, Mountain View, CA 94042, USA."
00128p,00128p-f-code.csv,彩虹嘅顏色,Colours of Rainbow,細路 Child,HBL Lv2,,一郎 Ichirou,Caren Echesa,,一郎 Ichirou,Jesse Breytenbach,,,,,
00129p,00129p-f-code.csv,我可以做啲咩？,What Can I do?,細路 Child,HBL Lv4,CEFR A2,一郎 Ichirou,,,"一郎 Ichirou (作者 Author), Angie, Joanne Chu",Ajit Narayan,得閒嘅時候有咩可以做呢？,How did I play when I was your age? ,"家人丶玩樂丶成長Family, Play, Growing Up",978-988-75806-1-4,"""When I Was Your Age"" (Cantonese), translated by HamBaangLaang (© HamBaangLaang, 2020) from Should I do something too/मो कुछु कोरूम (English-Surjapuri), translated by Yuman Hussain & Team Azad India Foundation, published by Azad India Foundation (© Azad India Foundation, 2019) based on the original story मैं भी कुछ करूँ (Hindi), written by Pankaj Chaturvedi, illustrated by Ajit Narayan, published by Pratham Books (© Pratham Books, 2006) under a CC BY 4.0 license on StoryWeaver. Read, create and translate stories for free on www.storyweaver.org.in This work is licensed under the Creative Commons Attribution 4.0 International License. To view a copy of this license, visit http://creativecommons.org/licenses/by/4.0/ or send a letter to Creative Commons, PO Box 1866, Mountain View, CA 94042, USA."
00130p,00130p-f-code.csv,聖誕禮物,Christmas Present,細路 Child,HBL Lv3,CEFR A2,一郎 Ichirou, Annie Besant,,一郎 Ichirou,Alicia Souza,噉多份禮物，邊份先係Sam仔嘅聖誕禮物呢？,The long  wait for opening the present on Christmas morning. ," 節日丶給予丶等待Festival,Giving, Waiting",,
00131p,,屋企人,Family Members,細路 Child,HBL Lv2,CEFR A1,一郎 Ichirou,"Arshi Naaz, kuldeep sandhu, Sushila",,一郎 Ichirou,"Rajeev Verma 'Banjara'
",,"Meet my family and tell me about yours.
","Family bonds, growing up, unity ",,
00132p,00132p-f-code.csv,唔好睇小螞蟻,Busy Ant,細路 Child,HBL Lv2,CEFR A2,Gaaupper,Kanchan Bannerjee,Eunice,"Deepa BalsavarGaaupper(粵文作者), Eunice, Connie Li , Summer Mut",Deepa Balsavar,螞蟻雖然細細粒，但原來做到好多嘢？,The lives of ants and their world,"自然丶團隊合作丶習性Nature, teamwork, Habitat",,
00133p,00133p-f-code-print.csv,阿十又發白日夢,Help! My Body is Going Crazy,細路 Child,HBL Lv2,CEFR A2,Gaaupper,,,"Gaaupper, Ming, Summer Mut, Ingrid Li",Hari Kumar Nair,阿十幻想自己嘅身體可以做到好多神奇嘅嘢，究竟係咩呢？,What's happening to Milo’s body？,"幻想丶童年丶身體Imagination, Childhood, Body",,"""Help! My Body is Going Crazy"" (Cantonese), translated by HamBaangLaang (© HamBaangLaang, 2020) from What if? (English), translated by Riddhi Dudeja, (© Riddhi Dudeja, 2020) from क्या होता अगर? (Hindi), by Hari Kumar Nair based on original story What If? (English), written by Hari Kumar Nair, illustrated by Hari Kumar Nair, published by Pratham Books under a CC BY 4.0 license on StoryWeaver. Read, create and translate stories for free on www.storyweaver.org.in This work is licensed under the Creative Commons Attribution 4.0 International License. To view a copy of this license, visit http://creativecommons.org/licenses/by/4.0/ or send a letter to Creative Commons, PO Box 1866, Mountain View, CA 94042, USA."
00134p,00134p-f-code-print.csv,唔關我事架,It wasn't me,細路 Child,HBL Lv2,CEFR A2,Lesley Beake,,Eunice,"Gaupper, Kris, Grace Chan, Joanne Chu",Gwendolene van der Merwe,到底係邊個搞到屋企咁亂？,How will Mama know who made the mess ? ,"寵物丶屋企丶意外Pets, Home, Accident",978-988-75804-5-4,"""It Wasn't Me!"" (Cantonese), translated by HamBaangLaang (© HamBaangLaang, 2020) from It Wasn't Me! (English), written by Lesley Beake, illustrated by Gwendolene van der Merwe, published by Book Dash (© Book Dash, 2016) under a CC BY 4.0 license on StoryWeaver. Read, create and translate stories for free on www.storyweaver.org.in This work is licensed under the Creative Commons Attribution 4.0 International License. To view a copy of this license, visit http://creativecommons.org/licenses/by/4.0/ or send a letter to Creative Commons, PO Box 1866, Mountain View, CA 94042, USA."
00135p,00135p-f-code.csv,豬豬飛行日記,Piggy wants to fly,,HBL Lv2,,"Mut Kunthy,Sak Untala",,Eunice,,Youm Kosal,,,,,
00136p,00136p-f-code.csv,咩都鬥一餐,Our Senses,細路 Child,HBL Lv2,CEFR A2,"Madhav Chavan(English), Gaaupper(粵文作者)",,,"Gaaupper, Sunny Lam, Summer Mut",Santosh Pujari,究竟小紅叻啲，定係佢隻狗仔阿細叻啲？,How do our senses help us explore our  world ?,"身體丶動物丶友誼 Our Body,Animals, Friendship",,"""OUR SENSES""(Cantonese), translated by HamBaangLaang (© HamBaangLaang, 2020) from Timmy and Pepe (English), written by Madhav Chavan, illustrated by Santosh Pujari, published by Pratham Books (© Pratham Books, 2004) under a CC BY 4.0 license on StoryWeaver. Read, create and translate stories for free on www.storyweaver.org.in
This work is licensed under the Creative Commons Attribution 4.0 International License. To view a copy of this license, visit http://creativecommons.org/licenses/by/4.0/ or send a letter to Creative Commons, PO Box 1866, Mountain View, CA 94042, USA."
00137p,00137p-f-code.csv,釣魚日記,"My fish! No, my fish!",細路 Child,HBL Lv2,CEFR A2,"Gaaupper (Cantonese), Suraj J Menon",,,"Gaaupper, Summer Mut, Connie",Soumya Menon,究竟阿一同阿二最後釣唔釣到魚？,Are Fish good to eat all year around ?,"自然丶貪心丶友誼Nature, Greed, Friendship",,"""Nobody’s Fish!"" (Cantonese), translated by HamBaangLaang (© HamBaangLaang, 2020) from My fish! No, my fish! (English), written by Suraj J Menon, illustrated by Soumya Menon, published by Pratham Books (© Pratham Books, 2014) under a CC BY 4.0 license on StoryWeaver. Read, create and translate stories for free on www.storyweaver.org.in This work is licensed under the Creative Commons Attribution 4.0 International License. To view a copy of this license, visit http://creativecommons.org/licenses/by/4.0/ or send a letter to Creative Commons, PO Box 1866, Mountain View, CA 94042, USA."
00138p,00138p-f-code.csv,奇幻旅程, from those around me,,HBL Lv3,CEFR A2,Gaaupper,Timiara Gupta,,,Rajiv Eipe,,It take a village to raise a child ,"community, experiences, giving ",,"""My Aunt and I"" (Cantonese), translated by HamBaangLaang (© HamBaangLaang, 2020) from Pishi and Me (English), written by Timira Gupta, illustrated by Rajiv Eipe, published by Pratham Books (© Pratham Books,2018) under a CC BY 4.0 license, first released on StoryWeaver. Read, create and translate stories for free on www.storyweaver.org.in"
00139p,00139p-f-code-print.csv,小蜜蜂與大笨象,the bee and the elephant,細路 Child,HBL Lv2,CEFR A2,Gaaupper,,,"Gaaupper, Summer Mut, PC Chan",Try Samphos,小蜜蜂唔識返屋企，點算呢？,Can the jungle still be a place for animals to live peacefully? ,"解難丶友誼丶動物 Problem Solving , Friendship, Animals ",,"""The Gift"" (Cantonese), translated by HamBaangLaang (© HamBaangLaang, 2020) from The Bee and the Elephant (English), translated by Celia Bolam, based on original story ឃ្មុំនិងដំរី (Khmer), written by Long Ravy, illustrated by Try Samphos, published by Room to Read (© Room to Read, 2015) under a CC BY 4.0 license on StoryWeaver. Read, create and translate stories for free on www.storyweaver.org.in This work is licensed under the Creative Commons Attribution 4.0 International License. To view a copy of this license, visit http://creativecommons.org/licenses/by/4.0/ or send a letter to Creative Commons, PO Box 1866, Mountain View, CA 94042, USA."
00140p,00140p-f-code.csv,老鼠仔要冒險,Mouse in the house,細路 Child,HBL Lv3,CEFR A1,Gaaupper,Sowmya Rajendran,,,Tanaya Vyas,,Does a mouse belong inside a house ?,"Animal, Family, Fear",,
00141p,00141p-f-code-print.csv,月亮與帽,the moon and the cap,細路 Child,HBL Lv2,CEFR A1,Nana,Rohini Nilekani,,"Nana, Summer Mut, PC Chan, Connie",Angie & Upesh,因為一頂帽而同月亮建立友誼嘅故事。,Why did the wind blow away the cap? ,"童年丶情緒丶分享 Childhood, Emotions, Sharing ",,"""Moon-stuck"" (Cantonese), translated by HamBaangLaang (© HamBaangLaang, 2020) from The Moon and The Cap (English), written by Rohini Nilekani, illustrated by Angie & Upesh, published by Pratham Books (© Pratham Books, 2007) under a CC BY 4.0 license on StoryWeaver. Read, create and translate stories for free on www.storyweaver.org.in This work is licensed under the Creative Commons Attribution 4.0 International License. To view a copy of this license, visit http://creativecommons.org/licenses/by/4.0/ or send a letter to Creative Commons, PO Box 1866, Mountain View, CA 94042, USA."
00142p,00142p-f-code.csv,神秘的魔法石, The Magic Block ,細路 Child,HBL Lv3,CEFR A2,,,,Gaaupper(粵文翻譯),Rohit Karandadi,,What is the mysterious black stone that hides in big Brother’s desk ?,"Science, Imagination, Curiosity",,
00143p,00143p-f-code-print.csv,等你捉到我先喇！,"Snuggles the, Cat!",細路 Child,HBL Lv2,CEFR A1,Gaaupper,Nicola Rijsdijk,,"Gaaupper (作者), Summer Mut, Grace Chan, Connie Li",Karen Lilje Lilje,二筒呢隻貓仔又走咗去邊啊？,Snuggles the Cat is looking for something fun outside the house.,"自然丶朋友丶玩樂 Nature, Friends, Play",978-988-75803-5-5,"""Snuggles the Cat"" (Cantonese), translated by HamBaangLaang (© HamBaangLaang, 2020) from Come back, Cat! (English), written by Nicola Rijsdijk, illustrated by Karen Lilje Lilje, published by Book Dash (© Book Dash, 2014) under a CC BY 4.0 license on StoryWeaver. Read, create and translate stories for free on www.storyweaver.org.in This work is licensed under the Creative Commons Attribution 4.0 International License. To view a copy of this license, visit http://creativecommons.org/licenses/by/4.0/ or send a letter to Creative Commons, PO Box 1866, Mountain View, CA 94042, USA."
00144p,00144p-f-code.csv,好想做，唔想做,Do and Don't,,HBL Lv2,,Gaaupper,Radha HS,,,Ruchi Shah,,,,,
00145p,00145p-f-code-print.csv,過嚟一齊食蛋糕喇！,One Big Cake,細路 Child,HBL Lv2,CEFR A1,,,,"劉銘霏, Summer Mut, Sandy Wong",Meng Sokpheng,阿大整咗個蛋糕，想分畀佢最愛嘅屋企人。,Thank you all for being in my life.,"愛丶感恩丶家庭 Love, Gratitude, Family ",978-988-75805-8-4,"""One Big Sugar Cake"" (Cantonese), translated by HamBaangLaang (© HamBaangLaang, 2020) from One Big Cake (English), written by All Children Reading Cambodia, illustrated by Meng Sokpheng, published by The Asia Foundation (© The Asia Foundation, 2019) under a CC BY 4.0 license on StoryWeaver. Read, create and translate stories for free on www.storyweaver.org.in This work is licensed under the Creative Commons Attribution 4.0 International License. To view a copy of this license, visit http://creativecommons.org/licenses/by/4.0/ or send a letter to Creative Commons, PO Box 1866, Mountain View, CA 94042, USA."
00146p,00146p-f-code.csv,識講嘅狗仔！,Naughty Dog,,HBL Lv2,,Gaaupper,Kanchan Bannerjee,,,Deepa Balsavar,,,,,"""The Naughty Dog"" (Cantonese), translated by HamBaangLaang (© HamBaangLaang, 2020) from Naughty Dog (English), written by Kanchan Bannerjee, illustrated by Deepa Balsavar, published by Pratham Books (© Pratham Books, 2015) under a CC BY 4.0 license on StoryWeaver. Read, create and translate stories for free on www.storyweaver.org.in"
00147p,00147p-f-code-print.csv,伏匿匿,Where is my Yo-yo? ,細路 Child,HBL Lv2,CEFR A1,Gaaupper,Sukhada Rahalkar,,"Gaaupper (作者), Summer Mut, Sandy",Sukhada Rahalkar,心愛嘅玩具匿埋咗，搵唔返啊！,Adults acting like Children!,"家人丶擁有丶分享 Family, Possession, Sharing",978-988-75803-9-3,"""Where Is My Yo-yo?"" (Cantonese), translated by HamBaangLaang (© HamBaangLaang, 2020) from Lost and Found (English), written by Sukhada Rahalkar, illustrated by Sukhada Rahalkar, supported by Parag: A Sir Ratan Tata Trust Initiative, published by Pratham Books (© Pratham Books,2014) under a CC BY 4.0 license on StoryWeaver. Read, create and translate stories for free on www.storyweaver.org.in
This work is licensed under the Creative Commons Attribution 4.0 International License. To view a copy of this license, visit http://creativecommons.org/licenses/by/4.0/ or send a letter to Creative Commons, PO Box 1866, Mountain View, CA 94042, USA."
00148p,00148p-f-code.csv,我大個仔喇！,I Can Climb!,細路 Child,HBL Lv2,CEFR A1,Gaaupper,Mini Shrinivasan,,,Deval Maniar,,Why is everything so big when you are so small ? ,"Facing fears, Growing up, Learning",,
00149p,00149p-f-code.csv,我嘅老友！,My Friends,,HBL Lv2,,,Rukmini Banerji,,,Rajeev Verma 'Banjara',,,,,
00150p,00150p-f-code-print.csv,唔知邊個幫我出書啊？,Who can help me?,細路 Child,HBL Lv2,CEFR A1,Gaaupper,All children reading cambodia,,"Gaaupper （作者 Author）, Summer Mut, Connie Li, Joanne Chu",El Huyno,一家大細一齊製作圖書嘅愉快經歷。,"When you want to do something, just start.","家人丶合作丶行動Family, Teamwork, Taking Action",978-988-75805-1-5,"""Who Can Help?"" (Cantonese), translated by HamBaangLaang (© HamBaangLaang, 2020) from Who can help me? (English), written by All Children Reading Cambodia, illustrated by El Huyno, published by The Asia Foundation (© The Asia Foundation, 2019) under a CC BY 4.0 license on StoryWeaver. Read, create and translate stories for free on www.storyweaver.org.in "
00151p,00151p-f-code.csv,我隻狗仔係唔同啲嘅！,Tommy and Tingu,,HBL Lv2,,Gaaupper,Kanchan Bannerjee,,,Natasha Mehra,,,,,
00152p,00152p-f-code-book.csv,同我一齊救公主,The Night the Moon Went Missing,細路 Child,HBL Lv4,,Gaaupper,Shreya Yadav,,Shan (Recording),Sunaina Coelho,,,,,"""The Night the Moon Went Missing"" (Cantonese), translated by HamBaangLaang (© HamBaangLaang, 2021) from The Night the Moon Went Missing (English), written by Shreya Yadav, illustrated by Sunaina Coelho, supported by Oracle, published by Pratham Books (© Pratham Books, 2018) under a CC BY 4.0 license on StoryWeaver. Read, create and translate stories for free on www.storyweaver.org.in"
00153p,00153p-f-code-book.csv,親親大自然,Whale in the Sky,細路 Child,HBL Lv4,,"Siddharth Chakravarty (English), Gaaupper (Cantonese)",,,Aquaria Li (Recording),Kaveri Gopalakrishnan,,,,,
00154p,00154p-f-code.csv,屋企大危機,What's that Smell?,細路 Child,HBL Lv4,,,,,"Gaaupper (粵文作者）, Joanne Chu, 美瑩",Tarique Aziz,屋企傳嚟一陣臭味，究竟發生咩事？,,"食物丶感恩丶家庭 Food, Gratitude,Family",,
00155p,00155p-f-code.csv,一年一次剪頭髮,Annual Haircut Day - ONCE AGAIN!,細路 Child,HBL Lv4,,Gaaupper,,,Gaaupper  (作者Author),Angie & Upesh,,,,,
00156p,00156p-f-code.csv,我係一個工程師,When I Grow Up,細路 Child,HBL Lv4,,Gaaupper,,,"Gaaupper (作者Author), Summer Mut",Tarique Aziz,,,,,
00157p,00157p-f-code.csv,我哋係一樣？定係唔一樣？,Same-same or Different?,細路 Child,HBL Lv4,,Gaaupper,,,"Gaaupper (作者Author), Summer Mut, Joanne Chu",Rohit Kelkar,,,,,
00158p,00158p-f-code.csv,犀利婆婆,Ammachi's Incredible investigation,細路 Child,HBL Lv4,,Menah Lam,,,"Menah Lam (作者 Author), Summer Mut, Joanne Chu, 綠柚子",Rajiv Eipe,,,,,
00159p,00159p-f-code.csv,紙船的秘密,Sailing Ships and Sinking Spoons,細路 Child,HBL Lv4,,Menah Lam,,,"Menah Lam (作者 Author), Joanne Chu",Ngawang Dorjee,,,,,
00160p,00160p-f-code-video.csv,俾個密碼嚟睇下,"Password, please?",細路 Child,HBL Lv3,,Gaaupper,,,"Gaaupper (作者Author), Summer Mut, Connie Li, Joanne Chu",Radhika Tipnis,,,Online Security,,
00161p,00161p-f-code-video.csv,我哋之間嘅秘密,The Laddoo Code,細路 Child,HBL Lv3,,Gaaupper,,,"Gaaupper (作者Author), Connie, Summer Mut, Joanne Chu",Saksham Arora,,,友誼 Friendship,,
00162p,00162p-f-code.csv,懶叔叔,Lazy Mama,細路 Child,HBL Lv4,,Jade,,,"Jade (作者Author), Summer Mut, Joanne Chu",Rohit Kelkar,,,"Virtual Reality, Animals, Nature",,
00163p,00163p-f-code.csv,春日飛燕,The Little Bird in the Big Mountains,細路 Child,HBL Lv4,CEFR A2,Menah Lam,,,"Menah Lam (作者 Author), Connie Li, 美瑩",Sonali Zohra,,,"Preservation, Fear, Helping",,
00164p,00164p-f-code.csv,小雲同小吉,The Grand Patch-up,,,,Gaaupper,,,"Gaaupper (作者Author), Joanne Chu, 美瑩, 綠柚子, Philip Wong",Tasneem Amiruddin,,,Friendship,,
00165p,00165p-f-code.csv,海底世界,DIVE!,細路 Child,HBL Lv4,,黃嘉俊,,,"黃嘉俊 (作者Author), Joanne Chu, Philip Wong, Charles Lam",Rajiv Eipe,,,"Diving, Sea Animals, Nature",,
00166p ,,婆婆嚟咗!,Nani's Walk to the Park,細路 Child,HBL Lv3,,Gaaupper,,,"Gaaupper (作者 Author), Joanne Chu, Philip Wong, Pong",Deepa Balsavar,,,,,
00167p,00167p-f-code.csv,數學？難我唔到啦！,Savio Finds the Right Angle,細路 Child,HBL Lv3,,Gaaupper,,,"Gaaupper (作者Author), Joanne Chu, So Chin Pong",Sunaina Coelho,,,,,
00168p,00168p-f-code-print.csv,我讀書唔叻，但我⋯⋯,A Whistlig Good Idea,,,,Gaaupper,,,"Gaaupper (作者Author), Joanne Chu, Pong",Ravi Gupta,,,,,
00169,00169-f-code.csv,揾食,Make Money,teen/adult,HBL Lv4,,939,,,"939 (作者 Author), 張錫莉, Connie Li, Philip Wong, Arthur Edwards, 殿下在香港 - 香港在世界 (Voice artist)",,,,,,"""Making Money” (Cantonese), written by 939, published by HamBaangLaang (© HamBaangLaang, 2022) under a CC BY 4.0 license on hambaanglaang.hk"
00170,00170-f-code.csv,友善,Kind,大人 Adult,,,939,,,"939 (作者Author), 張錫莉, Connie Li, Philip Wong, Arthur Edwards, 子豪 （recording artist)",,,,,,
00171p,00171p-f-code.csv,我哋大個喇,Dum Dum-a-Dum Biryani!,細路 Child,HBL Lv3,,Gaaupper,,,"Gaaupper (作者Author), Joanne Chu",Kabini Amin,,,,,
00172p,00172p-f-code.csv,我愛睇書,A Book for Puchku,細路 Child,HBL Lv3,,黃嘉俊,,,"黃嘉俊 (作者Author), Joanne Chu, Lee Dennig",Rajiv Eipe,,,,,
00173,00173-f-code.csv,受傷與康復,HURT & RECOVER,teen/child,HBL Lv7,,939,,,"939 (作者 Author), 張錫莉, Connie Li, Philip Wong, Arthur Edwards, Kit Shum (Voice artist)",,,,,,
00174,00174-f-code.csv,唔怕夜晚黑,,細路 Child,HBL Lv4,,綠柚子,,,"綠柚子 (作者Author), So Chin Pong, Joanne Chu",Anonymous,,,"Family, Courage, Independence",,
00175p,00175p-f-code.csv,心足,Unni' Wish,細路 Child,HBL Lv4,,Gaaupper,,,"Connie Li, Joanne Chu, Philip Wong",Fahad Faizal,,,感恩 Gratitude,,
00176p,00176p-f-code.csv,儲錢大計,The Power of One,細路 Child,HBL Lv3,,黃嘉俊,,,"黃嘉俊 (作者Author), Joanne chu, Philip Wong, Pong",Ujwal Nair,,,,,
00177,00177-f-code.csv,謊言,,細路 Child,HBL Lv4,,涼月,,,"涼月(作者Author), Joanne Chu, Pong, 綠柚子",李詩程,,,,,
00178p,00178p-f-code.csv,鬥氣冤家,The Bone Puzzle,細路 Child,HBL Lv3,,Gaaupper,,,"Gaaupper (作者Author), Joanne Chu, Lai Yik Po, 綠柚子",Rajasee Ray,,,,,
00179p,00179p-f-code.csv,講故人,City of Stories,細路 Child,HBL Lv3,,黃嘉俊,,,"黃嘉俊 (作者Author), Joanne Chu, Philip Wong, Lee Dennig",Bindia Thapar,,,,,
00180p,00180p-f-code.csv,動物全書機,The Magical Glasses,細路 Child,HBL Lv3,,Gaaupper,,,"Gaaupper (作者Author), Joanne Chu, So Chin Pong, 美瑩",Sayan Mukherjee,,,"Endangered animals, Nature",,
00181p,00181p-f-code.csv,一齊嚟幫阿才手,Jadav and the tree place,細路 Child,HBL Lv4,,綠柚子,,,"綠柚子 (作者Author), Joanne Chu",Vinayak Varma,,,,,
00182,00182-f-code.csv,咖啡、奶茶同鴛鴦,"Coffee, Millktea and Yeunyeung",,HBL Lv4,,綠柚子,,,"綠柚子 (作者Author), Joanne Chu",鄭淑雯,,,,,
00183p,00183p-f-code.csv,生果有核,,細路 Child,HBL Lv4,,綠柚子,,,"綠柚子 （作者Author), Joanne Chu, Lai Yik Po",Archana Sreenivasan,,,,,
00184p,00184p-f-code.csv,種子銀行,The Seed Savers,細路 Child,HBL Lv3,,Gaaupper,,,"Gaaupper (作者Author), Joanne Chu, Pong, Philip Wong",Jayesh Sivan,,,,,
00185,00185-f-code.csv,靚女,Pretty Lady,Teen/Adult,HBL Lv4,,綠柚子,,,"綠柚子（作者Author）, Joanne Chu, Summer Mut",,,,,,"""Pretty Lady” (Cantonese), written by 綠柚子, published by HamBaangLaang (© HamBaangLaang, 2022) under a CC BY 4.0 license on hambaanglaang.hk"
00186p,00186p-f-code.csv,上有巫婆，下有怪獸,Why Don’t Things Fall Up?,細路 Child,HBL Lv3,,Gaaupper,,,"Gaaupper (作者Author), Joanne Chu, Pong, Philip Wong",Greystroke,,,,,
00187p,00187p-f-code.csv,校規,The Right Way School,細路 Child,HBL Lv4,,黃嘉俊,,,"黃嘉俊 (作者Author), Joanne Chu, Pong",Fahad Faizal,,,,,
00188p,00188p-f-code.csv,蝴蝶好靚呀,A Butterfly Smile,細路 Child,HBL Lv3,,Gaaupper,,,"Gaaupper (作者 Author), Joanne Chu, Johnas Tsang, Philip Wong",Lavanya Naidu,,,,,
00189,00189-f-code.csv,姐姐,Helper,大人 Adult,HBL Lv4,,939,,,"939 (作者Author), Joanne Chu, Philip Wong, Ralph","Photo by  Rex Pe, Colin Tsoi, Nicolas Lannuzel, KC Wong, Chris Guillebeau, Francisco Anzola",,,,,
00190,00190-f-code.csv,一韻到底,All About Rhyme,teen/adult,HBL Lv7,,939,,,"939 (作者 Author), Philip Wong,Arthur Edwards, 小明 (Voice artist)",,,,,,
00191p,00191p-f-code.csv,讓我閃耀,Stage Fright,細路 Child,HBL Lv4,,綠柚子,Yamini Vijayan,,"綠柚子 (作者Author), Joanne Chu, Summer Mut",Somesh Kumar,,,"Emotion, Childhood, Experience",,
00192p,00192p-f-code.csv,大藝術家,Angry akku,細路 Child,HBL Lv3,,綠柚子,Vinayak Varma,,"綠柚子 (作者 Author), Joanne Chu, Philip Wong, Summer Mut",Vinayak Varma,,,親子 Parent-child Relationship,,"""The Great Artist” (Cantonese), translated by HamBaangLaang (© HamBaangLaang, 2022), is based on the original story, Angry Akku (English), written by Vinayak Varma, illustrated by Vinayak Varma, supported by Oracle, published by Pratham Books (© Pratham Books,2017) under a CC BY 4.0 license, first released on StoryWeaver. Read, create and translate stories for free on www.storyweaver.org.in"
00193,00193-f-code.csv,新手父母,Newbie Parents,teen/adult,HBL Lv7,,939,,,"939 (作者 Author), 張錫莉, Connie Li, Philip Wong, Arthur Edwards, 子豪 (Voice artist)",小陳,,,,,
00194p,00194p-f-code.csv,點解？,,細路 Child,HBL Lv4,,黃嘉俊,,,"黃嘉俊 (作者 Author), Joanne Chu, Philip Wong, Dr Lee Dennig",Anusha Raichur,,,,,
00195p,00195p-f-code.csv,寵物,,細路 Child,HBL Lv4,,黃嘉俊,,,"黃嘉俊 (作者 Author), Joanne Chu, 張錫莉, Philip Wong",Candace di Talamo,,,,,
00196p,00196p-f-code.csv,流浪狗,,細路 Child,HBL Lv4,,Gaaupper,,,"Gaaupper (作者 Author), Joanne Chu, 張錫莉, Philip Wong",Sarthak Sinha,,,,,
00197,00197-f-code.csv,演唱會,The Concert,teen/adult,HBL Lv7,,Yip Chun Yin,,,"Yip Chun Yin (作者 Author), 張錫莉, Connie Li, Philip Wong, Arthur Edwards, Joanne Chu (Voice artist)",Kenneth,,,,,
00198,00198-f-code.csv,塞車,,teen/adult,HBL Lv7,,Yip Chun Yin,,,"Yip Chun Yin (作者 Author), 張錫莉, Connie Li, Philip Wong, Arthur Edwards, 子豪",Wmekaco,,,,,
00199,00199-f-code.csv,涼茶舖嘅Happy Hour,,teen/adult,HBL Lv7,,懸壺廬,,,"懸壺廬 (作者 Author), 張錫莉, Connie Li, Philip Wong, Arthur Edwards, Joanne Chu",Sophie Liu (@randomsofui),,,,,
00200,00200-f-code.csv,至like交通工具,The Most Likable Transportation,teen/adult,HBL Lv7,,餘星 ,,,"餘星 (作者 Author), 張錫莉, Connie Li, Philip Wong, Pong, Aquaria Li (Voice artist)",Angel,,,,,
00201,00201-f-code.csv,時間，你去咗邊？,Where Does the Time Go?,細路 Child,HBL Lv5,,餘星 ,,,"餘星 (作者 Author), 張錫莉, Connie Li, Philip Wong, Arthur Edwards, 小明 (Voice artist)",Chan Long,,,,,
00202,00202-f-code.csv,豬仔藏寶圖,,Child/teen/adult,HBL Lv5,,天水川樹,,,"天水川樹 (作者 Author), 張錫莉, Connie Li, Philip Wong, 黎奕葆, Susanna Shong",鄭淑雯,,,,,
00203,00203-f-code.csv,飲茶,Yum Cha,,HBL Lv5,,Yip Chun Yin,,,"Yip Chun Yin (作者 Author), 張錫莉, Connie Li, Philip Wong, 黎奕葆, Shan",ksksn,,,,,"""Drinking Tea” (Cantonese), written by Yip Chun Yin, Illustrated by ksksn, published by HamBaangLaang (© HamBaangLaang, 2022) under a CC BY 4.0 license on hambaanglaang.hk"
00204,00204-f-code.csv,父子——子,Father and ‘Son’,teen/adult,HBL Lv5,,Yip Chun Yin,,,"Yip Chun Yin (作者 Author), 張錫莉, Connie Li, Arthur Edwards, 子豪 (Voice artist)",Kenneth,,,,,
00205,00205-f-code.csv,父子——父,‘Father’ and Son,teen/adult,,,Yip Chun Yin,,,"Yip Chun Yin (作者 Author), 張錫莉, Connie Li, Arthur Edwards, 子豪 (Voice artist)",Ken,,,,,"""‘Father’ and Son” (Cantonese), written by Yip Chun Yin, illustrated by Kenneth, published by HamBaangLaang (© HamBaangLaang, 2022) under a CC BY 4.0 license on hambaanglaang.hk"
00206,00206-f-code.csv,選班長,,細路 Child,HBL Lv5,,黃嘉俊,,,"黃嘉俊 (作者 Author), 張錫莉, Connie Li, Philip Wong, Hulk, Susanna Shong",Bella Wong,,,,,
00207,00207-f-code.csv,廣東話中國神話故事．盤古開天闢地．女媧造人,,,HBL Lv5,,Philip Wong,,,"Philip Wong (作者 Author), 張錫莉, Connie Li, Pong, Arthur Edwards, Karen Man (voice)",ksksn,,,神話故事 Mythology,,
00208,00208-f-code.csv,八號,Number 8,,HBL Lv7,,黃嘉俊,,,"黃嘉俊 (作者 Author), 張錫莉, Connie Li, Arthur Edwards , Joanne Chu",Wendy Yu,,,,,
00209,00209-f-code-print2.csv,河狸築巢記,,細路 Child,HBL Lv5,,天水川樹,,,"天水川樹 (作者 Author), 張錫莉, Connie Li, Philip Wong, Pong, Joanne Chu, Manasi Thapa",JLHOM,熱心嘅河狸艾迦諗住幫朋友，點知闖禍，佢會點樣面對同處理呢？,,真誠 Sincerity,,
00210,00210-f-code.csv,廣東話中國寓言故事．塞翁失馬，焉知非福,,,HBL Lv5,,Philip Wong,,,"Philip Wong (作者 Author), 張錫莉, Connie Li, Arthur Edwards, Susanna Shong",Kenneth,,,寓言 Fable,,
00211,00211-f-code.csv,廣東話中國寓言故事．江郎才盡．夢筆生花,,細路 Child,HBL Lv6,,Philip Wong,,,"Philip Wong (作者 Author), 張錫莉, Connie Li, Shan",Kenneth,,,寓言 Proverb/Fable,,
00212,00212-f-code.csv,廣東話中國寓言故事．一飯千金,A Meal Worths a Thousand Taels of Gold,細路 Child,HBL Lv6,,Philip Wong,,,"Philip Wong (作者 Author), 張錫莉, Connie Li, Arthur Edwards, Miss Kini (Voice artist)",Kenneth,,,,,
00213,00213-f-code.csv,廣東話中國寓言故事．杞人憂天．杯弓蛇影,Worrywart,細路 Child,HBL Lv5,,Philip Wong,,,"Philip Wong (作者 Author), 張錫莉, Connie Li, Arthur Edwards, 小明 (Voice artist)",Kenneth,,,,,
00214,00214-f-code.csv,廣東話中國智慧故事．曹沖稱象,,細路 Child,HBL Lv5,,Philip Wong,,,"Philip Wong (作者 Author), 張錫莉, Connie Li, Jam Leung",Wendy Yu,,,智慧 Wisdom,,
00215,00215-f-code.csv,廣東話中國智慧故事．田忌賽馬,,細路 Child,HBL Lv5,,Philip Wong,,,"Philip Wong (作者 Author), 張錫莉, Connie Li, Arthur Edwards, Joanne Chu",Wendy Yu,,,,,
00216,00216-f-code.csv,淥麵,Preparing Noodles,teen/adult,HBL Lv7,,Yip Chun Yin,,,"Yip Chun Yin (作者 Author), 張錫莉, Connie Li, Philip Wong, Arthur Edwards, Joanne Chu (Voice artist)",DarkChildRed ,,,,,
00217,00217-f-code.csv,望夫石,Amah Rock,teen/adult,HBL Lv7,,Yip Chun Yin,,,"Yip Chun Yin (作者 Author), 張錫莉, Connie Li, Philip Wong, Arthur Edwards, Jerry So (Voice artist)",Wmekaco,,,,,
00218,00218-f-code.csv,廣東話中國智慧故事．神童孔融,,細路 Child,HBL Lv6,,Philip Wong ,,,"Philip Wong (作者 Author), 張錫莉, Connie Li, Arthur Edwards, 子豪",Wendy Yu,,,智慧 Wisdom,,
00219,00219-f-code.csv,廣東話中國智慧故事．東方朔傳奇,,細路 Child/ teen,HBL Lv6,,Philip Wong ,,,"Philip Wong (作者 Author), 張錫莉, Connie Li, Arthur Edwards  , Joanne Chu",Wendy Yu,,,,,
00220,00220-f-code.csv,廣東話中國神話故事．大禹治水,,細路 Child,HBL Lv5,,Philip Wong ,,,"Philip Wong (作者 Author), 張錫莉, Connie Li, Arthur Edwards , Joanne Chu",ksksn,,,神話 Mythology,,
00221p,,五號仔去咗邊？,,,,,,,,,,,,,,
00222p,00222p-f-code.csv,堂叔嘅拖肥糖,Uncle’s Toffee,細路 Child,HBL Lv6,,未悠,Adithi Rao,,"未悠 (作者 Author), (Editor), (Editor), Kit Shum, 小明 (Voice artist)",Krishna Bala Shenoi,,,,,
00223p,00223p-f-code.csv,嘉欣嘅飯盒,,細路 Child,HBL Lv6,,Cassie,,,"Cassie (作者 Author), 張錫莉, Connie Li, Philip Wong, Aquaria Li",Ogin Nayam,點解嘉欣一打開飯盒就大嗌？ 唔通盒飯有古怪？,,飲食文化 Food Culture,,
00224p,00224p-f-code.csv,哥哥嘅朋友,A Friend of My Brother,細路 Child,HBL Lv6,,天水川樹 ,Sanjana Kapur,,"天水川樹 (作者Author), Joanne Chu, Ki Mei Ying, Philip Wong, Kit Shum (voice artist)",Sunaina Coelho,,,,,
00225p,00225p-f-code.csv,一隻海龜嘅回憶,The Memory of a Turtle,細路 Child,HBL Lv6,,Suki,Kartik Shanker,,"Suki (作者 Author), 張錫莉, Connie Li, Arthur Edwards, Susanna Shong (Voice artist)",Maya Ramaswamy,,,,,
00226p,00226p-f-code.csv,我隱咗形啊！,Invisible Cloak,細路 Child,HBL Lv6,,Cassie,Varsha Joshi,,"Cassie (作者 Author), 張錫莉, Connie Li, Philip Wong, Arthur Edwards, 小明 (Voice artist)",Radhika Tipnis,,,,,
00227p,00227p-f-code.csv,改造漁村,Transforming the Fishing Village,細路 Child,HBL Lv6,,Suki,Bibek Bhattacharya,,"Suki (作者 Author), 張錫莉, Connie Li, Philip Wong, Arthur Edwards, 小明 (Voice artist)",Joanna Davala,,,,,
00228p,00228p-f-code.csv,法蒂瑪同月亮,Fatima and the Moon,Child/TeenAdult,HBL Lv6,,Cassie,Kartik Shanker,,"Cassie (作者 Author), 張錫莉, Connie Li, Philip Wong, Arthur Edwards, Karen Man(Voice artist)",Prabha Mallya,,,,,
00229,00229-f-code.csv,廣東話中國神話故事．后羿射日同埋嫦娥奔月,,細路 Child,HBL Lv6,,Philip Wong,,,"Philip Wong (作者 Author), 張錫莉, Connie Li, Arthur Edwards , Annie Lam",ksksn,,,神話 Mythology,,
00230p,00230p-f-code.csv,古宅心慌慌,The Haunted Mansion,細路 Child,HBL Lv6,,King,Andaleeb Wajid,,"King (作者 Author), 張錫莉, Connie Li, Philip Wong, Arthur Edwards, 小明 (Voice artist)",Kabini Amin,,,,,
00231p,00231p-f-code.csv,老鼠仔班班,Little Mouse Bandi,細路 Child,HBL Lv6,,King,Aditi Ghosh,,"King (作者 Author), 張錫莉, Connie Li, Philip Wong, Arthur Edwards, 小明 (Voice artist)",Sunaina Coelho,,,,,
00232,00232-f-code.csv,凍檸茶,,,HBL Lv6,,曾曾,,,"曾曾 (作者 Author), 張錫莉, Connie Li, Philip Wong, Arthur Edwards, Shan",曾曾,一齊嚟學下點整充滿港式風味嘅凍檸茶！,,科學 Science,,
00233p,00233p-f-code.csv,去果園玩,,Child/TeenAdult,HBL Lv6,,黃宇恒 Thomas,,,"黃宇恒 Thomas (作者 Author), 張錫莉, Connie LiPhilip Wong, Arthur Edwards, Susanna Shong",Nimret Handa,,,大自然 Nature,,
00234,00234-f-code.csv,廣東話中國神話故事．精衛填海,Jingwei Fills the Ocean,細路 Child,HBL Lv6,,Philip Wong,,,"Philip Wong (作者 Author), 張錫莉, Connie Li, Arthur Edwards, Karen Man (Voice artist)",ksksn,,,,,
00235,00235-f-code.csv,我係陳凱琪,,細路 Child,HBL Lv5,,趙婉慧,,,"趙婉慧 (作者 Author), Philip Wong, Arthur Edwards , Connie Li, 綠柚子, Jade Wu",趙鵬琦,,,,,
00236,00236-f-code.csv,廣東話中國智慧故事．愚公移山．賣油翁,The Foolish Old Man Removes the Mountains and the Old Oil Merchant,細路 Child,HBL Lv7,,Philip Wong,,,"Philip Wong (作者 Author), 張錫莉, Connie Li, Arthur Edwards, 小明 (Voice artist)",Wendy Yu,,,,,
00237,00237-f-code.csv,廣東話中國寓言故事．曾參嘅謠言同埋三隻老虎嘅故事,The Rumour of Zeng Shen and the Story of Three Tigers,細路 Child,HBL Lv7,,Philip Wong,,,"Philip Wong (作者 Author), 張錫莉, Connie Li, Arthur Edwards, 小明 (Voice artist)",Ken,,,,,
00238,00238-f-code.csv,廣東話中國神話故事．山海經神話與故事,Classic of Mountains and Seas,細路 Child,HBL Lv7,,Philip Wong,,,"Philip Wong (作者 Author), 張錫莉, Connie Li, Philip Wong, Arthur Edwards, 小明 (Voice artist)",ksksn,,,,,
00239p,00239p-f-code.csv,探寶尋寶,The Treasure of Varsha,細路 Child,HBL Lv7,,Natalie Wa,Shalini Srinivasan,,"Natalie Wan (作者 Author), 張錫莉, Connie Li, Philip Wong, Arthur Edwards, Kit Shum (Voice artist)",Debasmita Dasgupta,,,,,
00240p,00240p-f-code.csv,我嘅夢想魔氈,The Modern Magic Carpet,細路 Child,HBL Lv7,,Mikami,Sreelata Menon,,"Mikami (作者 Author), 張錫莉, Connie Li, Philip Wong, Arthur Edwards, 小明 (Voice artist)",Satya Krishna Prakash,,,,,
00241p,00241p-f-code.csv,郁郁手指‧天下我有,The World Wide Web,細路 Child,HBL Lv7,,Cassie ,Roopa Pai,,"Cassie (作者 Author), 張錫莉, Connie Li, Philip Wong, Arthur Edwards, Kit Shum (Voice artist)",Delwyn Remedios,,,,,
00242p,00242p-f-code.csv,彩色世界,A Colourful World,細路 Child,HBL Lv7,,天水川樹 ,Ananya Dasgupta,,"天水川樹 (作者 Author), 張錫莉, Connie Li, Philip Wong, Arthur Edwards, 小明 (Voice artist)",Chaaya Prabhat,,,,,
00243,00243-f-code.csv,族譜,The Genealogy Book,teen/adult,HBL Lv7,,Q ,,,"Q (作者 Author), 張錫莉, Connie Li, Philip Wong, Arthur Edwards, Kit Shum (Voice artist)",,,,,,
00244p,00244p-f-code.csv,愛的風箏,The Kite of Love,細路 Child,HBL Lv5,,Miki ,Avni Malik,,"Miki (作者 Author), 張錫莉, Connie Li, Philip Wong, Arthur Edwards, Kit Shum (Voice artist)",Alankrita Amaya,,,,,
00245p,00245p-f-code.csv,我嘅好朋友Bonda,My Best Friend Bonda,細路 Child,HBL Lv6,,阿娃 ,Roopa Pai,,"阿娃 (作者 Author), 張錫莉, Connie Li, Philip Wong, Arthur Edwards, Kit Shum (Voice artist)",Jit Chowdhury,,,,,
00246p,00246p-f-code.csv,冇人信我,No One Believes  Me,細路 Child,HBL Lv5,,黃嘉俊,Jairaj Singh,,"黃嘉俊 (作者 Author), 張錫莉, Connie Li, Philip Wong, Arthur Edwards, 小明 (Voice artist)",Bhargavi Rudraraju,,,,,
00247p,00247p-f-code.csv,失控嘅雀仔,Jairaj Singh,細路 Child,HBL Lv6,,黃嘉俊,Shalini Srinivasan,,"黃嘉俊 (作者 Author), 張錫, Connie Li, Philip Wong, Arthur Edwards, Shan (Voice artist)",Prabha Mallya,,,,,
00248p,00248p-f-code.csv,食月亮嘅巨龍,The Space Dragon Who Ate the Moon,Child/TeenAdult,HBL Lv7,,黃嘉俊,Aarushi Konda,,"黃嘉俊 (作者 Author), 張錫莉, Connie Li, Philip Wong, Arthur Edwards, Joanne Chu (Voice artist)",Somesh Kumar,,,,,
00249p,00249p-f-code.csv,錢係咩嚟㗎？,What is Money?,細路 Child,HBL Lv5,,黃宇恒 Thomas,Mala Kumar,,"黃宇恒 Thomas (作者 Author), 張錫莉, Connie Li, Philip Wong, Arthur Edwards, 小明 (Voice artist)",Deepa Balsavar,,,,,
00250p,00250p-f-code.csv,嘉嘉嘅紫色朋友,Karly’s Purple Friend,細路 Child,HBL Lv5,,黃宇恒 Thomas,"Sherein Bansal
",,"黃宇恒 Thomas (作者 Author), 張錫莉, Connie Li, Philip Wong, Arthur Edwards, Kit Shum(Voice artist)","Sonal Goyal, Sumit Sakhuja and Sumit Sakhuja",,,,,
00251p,00251p-f-code.csv,雨神城蒙難記,The Story of Rain God City,細路 Child,HBL Lv7,,Suki,Ogin Nayam,,"Suki (作者 Author), 張錫莉, Connie Li, Philip Wong, Arthur Edwards, Shan (Voice artist)",Ogin Nayam,,,,,
00252p,00252p-f-code.csv,數字人生,A Life Full of Numbers,細路 Child,HBL Lv6,,黃宇恒 Thomas,Shreyasi Singh,,"黃宇恒 Thomas (作者 Author), 張錫莉, Connie Li, Philip Wong, Arthur Edwards, Kit Shum (Voice artist)",Rai,,,,,
00253p,00253p-f-code.csv,科技之外,Outside of Technology,細路 Child,HBL Lv7,,Suki,Rya Jetha,,"Suki (作者 Author), 張錫莉, Connie Li, Philip Wong, Arthur Edwards, Kit Shum (Voice artist)",Sourav Sarkar,,,,,
00256,00256-f-code.csv,貓貓唔見咗,,細路 Child,HBL Lv1,,黎奕葆 ,,,"黎奕葆 （作者Author), P C  Chan, Philip Wong",Kenneth,,,,,
00257,00257-f-code.csv,買嘢,la Vie En Rose,細路 Child,HBL Lv1,CEFR A1,擇言,,,"擇言 (作者Author), Joanne Chu,綠柚子, Philip Wong",Kenneth,,The delight of an unexpected holiday ! ,"Fun, Family, Relaxation",,
00258,00258-f-code.csv,掛住婆婆,,細路 Child,HBL Lv1,,趙婉慧,,,"趙婉慧 (作者Author), Joanne Chu",Kenji,,,,,
00259,00259-f-code.csv,媽媽病咗,,細路 Child,HBL Lv1,,Karen Wong,,,"Karen Wong (作者 Author), Joanne Chu",WAIMANN,,,,,
00260,00260-f-code.csv,搭巴士,,細路 Child,HBL Lv1,,Karen Wong,,,"Karen Wong (作者Author）, Joanne Chu, 綠柚子, Philip Wong",Mandy Chan,,,,,
00261,00261-f-code.csv,飲早茶,Dim Sum Love,細路 Child,HBL Lv1,CEFR A1,Karen Wong,,,"Karen Wong (作者Author), Joanne Chu, 綠柚子, Philip Wong",DarkChildRed,,Its who you have by your side that matters.,"Family, Challenges, Positivity ",,
00262p,00262p-f-code.csv,咩聲嚟㗎？,,細路 Child,HBL Lv1,,Karen Wong,,,"Karen Wong (作者Author), Joanne Chu, Philip Wong",Partho Sengupta,,,,,
00263,00263-f-code-print.csv,雀仔,Bird,細路 Child,HBL Lv1,CEFR A1,趙婉慧,,,"趙婉慧 （作者Author), Joanne Chu, Philip Wong",Kenji,,The busy life of Hong Kong birds,"Nature, Family,  Friendship",,
00264,00264-f-code.csv,生日快樂,,細路 Child,HBL Lv1,,趙婉慧,,,"趙婉慧 (作者 Author), Joanne Chu, Philip Wong",趙鵬琦,昌仔得到一份不一樣嘅生日禮物，個口識郁，條尾好靚，係咩嚟嘅呢？,,寵物 Pet,,
00265,00265-f-code.csv,叻叻花貓,Fame or Happiness ?,細路 Child,HBL Lv1,CEFR A1,趙婉慧,,,"趙婉慧 （作者Author), Joanne Chu, 綠柚子, Philip Wong",趙鵬琦,,Are famous people as happy as they look ? ,"Fame, Stress , Happiness",,
00266,00266-f-code.csv,海龜,Turtle,細路 Child,HBL Lv1,CEFR A1,趙婉慧,,,"趙婉慧 (作者Author), Joanne Chu",Kenneth,,Meet these brave baby turtles and their human friend,"Conservation, Nature, Determination ",,
00267,00267-f-code.csv,兔仔要走喇,,細路 Child,HBL Lv1,,趙婉慧,,,"趙婉慧 （作者Author), P C  Chan, Philip Wong",金子,,,,,
00268,00268-f-code.csv,我有一隻狗,,細路 Child,HBL Lv1,,小灰 ,,,"小灰 (作者 Author), Joanne Chu, Philip Wong",ChiuBingBing,我同我隻狗仔嘅快樂時光。,,"Pets, Childhood, Experience",,
00269p,00269p-f-code.csv,大霧山嘅最後日子,The Last Day on Tai Mo Shan,細路 Child,HBL Lv7,,King,Ambika Rao,,"King (作者 Author), 張錫莉, Connie Li, Philip Wong, Arthur Edwards, 小明 (Voice artist)",Ruchi Shah,,,,,
00270,00270-f-code.csv,菜肉包,,細路 Child,HBL Lv1,,賽德克,,,"賽德克 (作者 Author), Joanne Chu, Philip Wong",Wendy Yu,,,,,
00271,00271-f-code.csv,揾啱屋企,Finding the Right Home,teen/adult,HBL Lv7,,綠柚子,,,"綠柚子 (作者 Author), 張錫莉, Connie Li, Philip Wong, Arthur Edwards, Kit Shum (Voice artist)",,,,,,
00272,00272-f-code.csv,觀塘交通日常,Daily Traffic in Kwun Tong,teen/adult,HBL Lv7,,黃嘉俊,,,"黃嘉俊 (作者 Author), 張錫莉, Connie Li, Philip Wong, Arthur Edwards, 小明 (Voice artist)",,,,,,
00273,00273-f-code.csv,叮叮,Tram,teen/adult,HBL Lv7,,天水川樹 ,,,"天水川樹 (作者 Author), 張錫莉, Connie Li, Philip Wong, Arthur Edwards, 小明 (Voice artist)",,,,,,
00274,00274-f-code.csv,新同事,New Colleague,teen/adult,HBL Lv5,,Yip Chun Yin,,,"Yip Chun Yin (作者 Author), 張錫莉, Connie Li, Philip Wong, Arthur Edwards, 小明 (Voice artist)",DarkChildRed,,,,,
00275,,大排檔,,,,,,,,,,,,,,
00276p,00276p-f-code.csv,數腳仔,,細路 Child,HBL Lv1,,Karen Wong,,,"Karen Wong (作者 Author), Joanne Chu",Measa Sovonnarea,,,,,
00277p,00277p-f-code.csv,呢個係我哥哥,,細路 Child,HBL Lv1,,Karen Wong,,,"Karen Wong (作者 Author), Joanne Chu",Pallak Goswamy,,,,,
00279p,00279p-f-code.csv,太細個喇,,細路 Child,HBL Lv5,,黃嘉俊 ,,,"黃嘉俊 (作者 Author), 張錫莉, Connie Li, Philip Wong, Karen Man",Shailja Jain Chougule,,,,,
00280p,00280p-f-code.csv,尋找雪豹,Looking for Snow Leopard,teen/adult,HBL Lv7,,Suki ,Ranjini Murali,,"Suki (作者 Author), 張錫莉, Connie Li, Philip Wong, Arthur Edwards, Kit Shum (Voice artist)",Komal Jain,,,,,
00281p,00281p-f-code.csv,我哋嘅歌聲,Our Singing Voice,細路 Child,HBL Lv6,,Mikami,Deepanjana Pal,,"Mikami (作者 Author), 張錫莉, Connie Li, Philip Wong, Arthur Edwards, Kit Shum (Voice artist)",Rajiv Eipe,,,,,
00282,00282-f-code.csv,我唔係鹹濕仔,I Am Not a Lustful Guy,child/teen/adult,,,趙婉慧,,,"趙婉慧 (作者 Author), 張錫莉, Connie Li, Philip Wong,Arthur Edwards, Jade Wu (Voice artist)",Kenneth,,,,,
00283,00283-f-code.csv,制水嘅故事,Water Rationing,child/teen/adult,HBL Lv5,,Q,,,"Q (作者 Author), 張錫莉, Connie Li, Philip Wong, Arthur Edwards, 小明 (Voice artist)",Wmekaco,,,,,
00284p,00284p-f-code.csv,飛,Fly,,HBL Lv5,,黃嘉俊 ,,,"黃嘉俊 (作者 Author), 張錫莉, Connie Li, Philip Wong, Arthur Edwards, 子豪",Upamanyu Bhattacharyya,,,,,
00285p,00285p-f-code.csv,Maths story 1: 媽媽幾點返屋企？,When Will Mama Be Back?,child/teen/adult,HBL Lv3,,Miss Colour ,Prathiba Swaminathan,,"Miss Colour (作者 Author), Connie Li, Arthur Edwards, Joanne Chu, Kit Shum (Voice artist)",Alankrita Amaya,,,,,"“When Will Mama Be Back?” (Cantonese), translated by HamBaangLaang (© HamBaangLaang, 2022), is based on the original story, When Will Amma Be Back? (English), written by Prathiba Swaminathan, illustrated by Alankrita Amaya, published by Pratham Books (© Pratham Books, 2019) under a CC BY 4.0 license on StoryWeaver. "
00286p,00286p-f-code.csv,Maths story 2: 免費雪條,An Ice-lolly for Free,child/teen/adult,HBL Lv4,,Miss Colour ,Alankrita Amaya,,"Miss Colour (作者 Author), Connie Li, Arthur Edwards, Joanne Chu",Alankrita Amaya,,,,,"“An Ice-lolly for Free” (Cantonese), translated by HamBaangLaang (© HamBaangLaang, 2022), is based on the original story, A Kulfi for Free! (English), written by Alankrita Amaya, illustrated by Alankrita Amaya, published by Pratham Books (© Pratham Books, 2019) under a CC BY 4.0 license on StoryWeaver. "
00287p,00287p-f-code.csv,Maths story 3: 貓、老鼠同平面圖形,"Cat, Rat and the 2D Shapes",child/teen/adult,HBL Lv4,,Miss Colour ,Praba Ram and Sheela Preuitt,,"Miss Colour (作者 Author), Connie Li, Arthur Edwards, Joanne Chu",Rajiv Eipe,,,,,"“Cat, Rat and the 2D Shapes” (Cantonese), translated by HamBaangLaang (© HamBaangLaang, 2022), is based on the original story, Cube Cat, Cone Cat (English), written by Praba Ram and Sheela Preuitt, illustrated by Rajiv Eipe, published by Pratham Books (© Pratham Books, 2019) under a CC BY 4.0 license on StoryWeaver."
00288p,,Maths story 4: 貓、老鼠同立體圖形,"Cat, Rat and the 3D Shapes",child/teen/adult,HBL Lv4,,Miss Colour ,Praba Ram and Sheela Preuitt,,"Miss Colour (作者 Author), Connie Li, Arthur Edwards, Joanne Chu",Rajiv Eipe,,,,,"“Cat, Rat and the 3D Shapes” (Cantonese), translated by HamBaangLaang (© HamBaangLaang, 2022), is based on the original story, Cube Cat, Cone Cat (English), written by Praba Ram and Sheela Preuitt, illustrated by Rajiv Eipe, published by Pratham Books (© Pratham Books, 2019) under a CC BY 4.0 license on StoryWeaver. "
00289p,,Maths story 5: 樂園排排坐,Sitting Side by Side,child/teen/adult,HBL Lv4,,Miss Colour ,Kavitha Mandana,,"Miss Colour (作者 Author), Connie Li, Arthur Edwards, Joanne Chu",Nirzara Verulkar,,,,,"“Sitting Side by Side” (Cantonese), translated by HamBaangLaang (© HamBaangLaang, 2022), is based on the original story, Maths at the Mela (English), written by Kavitha Mandana, illustrated by Nirzara Verulkar, published by Pratham Books (© Pratham Books, 2019) under a CC BY 4.0 license on StoryWeaver. "
00290p,,Maths story 6: 畫畫遊戲,The Game of Shapes,child/teen/adult,HBL Lv4,,Miss Colour ,Anitha Murthy,,"Miss Colour (作者 Author), Connie Li, Arthur Edwards, Joanne Chu",Ajanta Guhathakurta,,,,,"“The Game of Shapes” (Cantonese), translated by HamBaangLaang (© HamBaangLaang, 2022), is based on the original story, The Drawing Game (English), written by Anitha Murthy, illustrated by Ajanta Guhathakurta, published by Pratham Books (© Pratham Books, 2019) under a CC BY 4.0 license on StoryWeaver. "
00291p,,Maths story 7: 有果同享,Sharing Mangoes,child/teen/adult,HBL Lv4,,Miss Colour ,Ramya Pai,,"Miss Colour (作者 Author), Connie Li, Arthur Edwards, Joanne Chu",Meghna Menon,,,,,"“Sharing Mangoes” (Cantonese), translated by HamBaangLaang (© HamBaangLaang, 2022), is based on the original story, Many Mangoes to Share (English), written by Ramya Pai, illustrated by Meghna Menon, published by Pratham Books (© Pratham Books, 2019) under a CC BY 4.0 license on StoryWeaver. "
00292p,,Maths story 8: 救命呀！我反轉咗！,,,,,,,,,,,,,,
00293,,Mental Health 1,,,,,,,,,,,,,,
00294,,Mental Health,,,,,,,,,,,,,,
00295,,Mental Health,,,,,,,,,,,,,,
00296,,Mental Health,,,,,,,,,,,,,,
00297,,Mental Health,,,,,,,,,,,,,,
00300p,00300p-f-code.csv,Saru嘅秘密,Saru and Her Little Secret,細路 Child,HBL Lv5,,Joyce Cheung,Sunita Lad Bhamray,,"Joyce Cheung (作者 Author), 張錫莉, Connie Li, Philip Wong, Arthur Edwards, Kit Shum (Voice artist)",Divya George,,,,,