[1],,,,,,,,,,,,,,,,,,,,,,,,,,,,,,,,,,,
「,我,唔見,咗,嘢,啊,！,佢,走,咗,去,邊,啊,？,你哋,見唔見到,啊,？,」,,,,,,,,,,,,,,,,,
#,ngo5,m4-gin3,zo2,je5,aa3,#,keoi5,zau2,zo2,heoi3,bin1,aa3,#,nei5-dei6,gin3-m4-gin3-dou2,aa3,#,#,,,,,,,,,,,,,,,,,
#,I,lose,-ed,thing,(particle),#,it,leave,-ed,to,where,(particle),#,you,see or not see,(particle),#,#,,,,,,,,,,,,,,,,,
[2],,,,,,,,,,,,,,,,,,,,,,,,,,,,,,,,,,,
「,我,係,小草,，,我,喺度,搵,緊,一,樣,嘢,，,你哋,見到,嘅話,同,返,我,講,吖,。,」,,,,,,,,,,,,,
#,ngo5,hai6,Siu2-Cou2,#,ngo5,hai2-dou6,wan2,gan2,jat1,joeng6,je5,#,nei5-dei6,gin3-dou2,ge3-waa2,tung4,faan1,ngo5,gong2,aa1,#,#,,,,,,,,,,,,,
#,I,am,Charles,#,I,right here,find,-ing,one,kind of,thing,#,you,see,if,with,back,me,say,(particle),#,#,,,,,,,,,,,,,
[3],,,,,,,,,,,,,,,,,,,,,,,,,,,,,,,,,,,
「,係唔係,細妹,拎,走,咗,？,又,冇,喎,。,係,喎,，,我,今日,有,玩,玩具,，,可能,喺,玩具,箱,。,」,,,,,,,,,,
#,hai6-m4-hai6,sai3-mui2,ling1,zau2,zo2,#,jau6,mou5,wo3,#,hai6,wo3,#,ngo5,gam1-jat6,jau5,waan2,wun6-geoi6,#,ho2-nang4,hai2,wun6-geoi6,soeng1,#,#,,,,,,,,,,
#,is or is not,younger sister,take,away,-ed,#,again,didn't,(particle),#,yes,(particle),#,I,today,have,played,toys,#,maybe,in,toy,box,#,#,,,,,,,,,,
[4],,,,,,,,,,,,,,,,,,,,,,,,,,,,,,,,,,,
小草,喊,住,噉,講,：,「,唔,喺,呢度,，,又,唔,喺,我,個,袋,度,。,你,去,咗,邊,啊,？,我,搵,咗,你,成日,喇,，,出嚟,啦,！,」
Siu2-Cou2,haam3,zyu6,gam2,gong2,#,#,m4,hai2,ni1-dou6,#,jau6,m4,hai2,ngo5,go3,doi2,dou6,#,nei5,heoi3,zo2,bin1,aa3,#,ngo5,wan2,zo2,nei5,sing4-jat6,laa3,#,ceot1-lai4,laa1,#,#
Charles,cry,-ing,in this way,say,#,#,not,at,here,#,again,not,at,I,(measure),bag,there,#,you,go,-ed,where,(particle),#,I,find,-ed,you,the whole day,already,#,come out,(particle),#,#
[5],,,,,,,,,,,,,,,,,,,,,,,,,,,,,,,,,,,
「,冇可能,㗎,！,我,要,搵,多,次,，,搵,多,次,玩具,箱,。,喺唔喺,書,下面,啊,？,都係,冇,啊,！,」,,,,,,,,,,
#,mou5-ho2-nang4,gaa3,#,ngo5,jiu3,wan2,do1,ci3,#,wan2,do1,ci3,wun6-geoi6,soeng1,#,hai2-m4-hai2,syu1,haa6-min6,aa3,#,dou1-hai6,mou5,aa3,#,#,,,,,,,,,,
#,impossible,(particle),#,I,want to,find,more,time,#,find,more,time,toy,box,#,is or is not at,book,below,(particle),#,also,don't have,(particle),#,#,,,,,,,,,,
[6],,,,,,,,,,,,,,,,,,,,,,,,,,,,,,,,,,,
小草,喺度,行,嚟,行,去,，,都係,搵,唔到,。,,,,,,,,,,,,,,,,,,,,,,,,,
Siu2-Cou2,hai2-dou6,haang4,lai4,haang4,heoi3,#,dou1-hai6,wan2,m4-dou2,#,,,,,,,,,,,,,,,,,,,,,,,,,
Charles,right here,walk,to come,walk,to go,#,also,find,cannot,#,,,,,,,,,,,,,,,,,,,,,,,,,
[7],,,,,,,,,,,,,,,,,,,,,,,,,,,,,,,,,,,
小草,嘅,婆婆,喺,公園,搵到,一,樣,嘢,，,係,一,個,搖搖,。,,,,,,,,,,,,,,,,,,,,,
Siu2-Cou2,ge3,po4-po2,hai2,gung1-jyun2,wan2-dou2,jat1,joeng6,je5,#,hai6,jat1,go3,jiu4-jiu2,#,,,,,,,,,,,,,,,,,,,,,
Charles, 's,grandmother,at,park,found,one,kind of,thing,#,is,one,(measure),yo-yo,#,,,,,,,,,,,,,,,,,,,,,
[8],,,,,,,,,,,,,,,,,,,,,,,,,,,,,,,,,,,
婆婆,拎住,個,搖搖,開始,玩,，,佢,識,好多,花式,。,,,,,,,,,,,,,,,,,,,,,,,,
po4-po2,ling1-zyu6,go3,jiu4-jiu2,hoi1-ci2,waan2,#,keoi5,sik1,hou2-do1,faa1-sik1,#,,,,,,,,,,,,,,,,,,,,,,,,
grandmother,holding,(measure),yo-yo,start,to play,#,she,know,many,fancy movements,#,,,,,,,,,,,,,,,,,,,,,,,,
[9],,,,,,,,,,,,,,,,,,,,,,,,,,,,,,,,,,,
婆婆,一,返到,屋企,，,小草,見到,佢,就,跑,去,抱住,婆婆,。,小草,一路,想,搵,嘅,係,搖搖,，,而,婆婆,幫,佢,拎,咗,返嚟,。,,,,,,
po4-po2,jat1,faan1-dou3,uk1-kei2,#,Siu2-Cou2,gin3-dou2,keoi5,zau6,paau2,heoi3,pou5-zyu6,po4-po2,#,Siu2-Cou2,jat1-lou6,soeng2,wan2,ge3,hai6,jiu4-jiu2,#,ji4,po4-po2,bong1,keoi5,ling1,zo2,faan1-lai4,#,,,,,,
grandmother,once,come back,home,#,Charles,see,her,then,run,to,hug,grandmother,#,Charles,all along,want to,find,-,is,yo-yo,#,and,grandmother,help,him,take,-ed,back,#,,,,,,
[10],,,,,,,,,,,,,,,,,,,,,,,,,,,,,,,,,,,
婆婆,：,「,小草,，,你,係咪,好,鍾意,呢,個,搖搖,？,我,想,玩,一陣,啊,。,」,小草,好,開心,搵,返,個,搖搖,，,所以,都,想,同,婆婆,一齊,玩,。
po4-po2,#,#,Siu2-Cou2,#,nei5,hai6-mai6,hou2,zung1-ji3,ni1,go3,jiu4-jiu2,#,ngo5,soeng2,waan2,jat1-zan6,aa3,#,#,Siu2-Cou2,hou2,hoi1-sam1,wan2,faan1,go3,jiu4-jiu2,#,so2-ji5,dou1,soeng2,tung4,po4-po2,jat1-cai4,waan2,#
grandmother,#,#,Charles,#,you,are or are not,really,like,this,(measure),yo-yo,#,I,want to,play,a while,(particle),#,#,Charles,very,happy,find,back,(measure),yo-yo,#,so,also,want to,with,grandmother,together,play,#
[11],,,,,,,,,,,,,,,,,,,,,,,,,,,,,,,,,,,
婆婆,玩,到,唔肯,停,，,小草,望住,婆婆,，,扁,晒,嘴,噉,，,唉,！,「,我,好,想,玩,啊,，,我,都,未,玩,過,！,」,,,,,
po4-po2,waan2,dou3,m4-hang2,ting4,#,Siu2-Cou2,mong6-zyu6,po4-po2,#,bin2,saai3,zeoi2,gam2,#,aai2,#,#,ngo5,hou2,soeng2,waan2,aa3,#,ngo5,dou1,mei6,waan2,gwo3,#,#,,,,,
grandmother,play,to a point,not willing to,stop,#,Charles,looking at,grandmother,#,flat,all,mouth,look like,#,Sigh!,#,#,I,really,want to,play,(particle),#,I,also,not yet,play,-ed,#,#,,,,,